mukim_id,district_id,state_code,district_code,mukim_code,mukim_name
1030000001,1,01,01,04,LINAU
1030000002,1,01,01,07,PESERAI
1030000003,1,01,01,09,SRI MEDAN
1030000004,3,01,03,01,ULU BENUT
1030000006,3,01,03,40,BANDAR KLUANG
1030000007,5,01,05,02,LENGGOR
1030000008,5,01,05,11,SEMBRONG
1030000009,6,01,06,01,AYER HITAM
1030000010,6,01,06,10,LENGA
1030000011,8,01,08,02,BULOH KASAP
1030000013,8,01,08,11,SUNGAI SEGAMAT
1030000014,1,01,01,02,CHAAH BAHRU
1030000015,9,01,21,02,SENAI
1030000016,10,01,22,70,PEKAN GRISEK
1030000017,10,01,22,04,SEROM
1030000018,1,01,01,10,SIMPANG KANAN
1030000019,1,01,01,11,SIMPANG KIRI
1030000020,1,01,01,40,BANDAR AYER HITAM
1030000021,1,01,01,41,BANDAR BANDAR PENGGARAM
1030000022,1,01,01,42,BANDAR RENGIT
1030000023,1,01,01,43,BANDAR SENGGARANG
1030000024,1,01,01,44,BANDAR YONG PENG
1030000026,2,01,02,42,BANDAR TEBRAU
1030000027,3,01,03,02,KAHANG
1030000028,3,01,03,04,LAYANG-LAYANG
1030000029,3,01,03,06,NIYOR
1030000030,3,01,03,41,BANDAR PALOH
1030000031,3,01,03,42,BANDAR RENGAM
1030000032,4,01,04,02,ULU SUNGEI SEDILI BESAR
1030000033,4,01,04,03,JOHOR LAMA
1030000034,4,01,04,40,BANDAR KOTA TINGGI
1030000035,5,01,05,40,BANDAR JEMALUANG
1030000036,5,01,05,42,BANDAR MERSING KANAN
1030000037,6,01,06,03,BUKIT KEPONG
1030000038,6,01,06,06,JALAN BAKRI
1030000039,6,01,06,07,JORAK
1030000042,6,01,06,42,BANDAR BUKIT KEPONG
1030000043,6,01,06,43,BANDAR PANCHOR
1030000044,6,01,06,45,BANDAR PARIT JAWA
1030000045,6,01,06,70,PEKAN BUKIT PASIR
1030000046,7,01,07,06,PENGKALAN RAJA
1030000048,7,01,07,11,SUNGEI PINGGAN
1030000049,7,01,07,40,BANDAR BENUT
1030000050,7,01,07,70,PEKAN PEKAN NENAS
1030000051,8,01,08,03,CHAAH
1030000053,8,01,08,05,GEMEREH
1030000054,8,01,08,07,JEMENTAH
1030000055,8,01,08,10,SERMIN
1030000056,8,01,08,40,BANDAR BATU ANAM
1030000057,8,01,08,41,BANDAR BEKOK
1030000058,8,01,08,42,BANDAR BULOH KASAP
1030000059,8,01,08,43,BANDAR JEMENTAH
1030000060,8,01,08,44,BANDAR LABIS
1030000061,8,01,08,45,BANDAR SEGAMAT
1030000063,9,01,21,40,BANDAR KULAI
1030000064,9,01,21,01,KULAI
1030000065,9,01,21,03,SEDENAK
1030000066,9,01,21,04,BUKIT BATU
1030000067,10,01,22,40,BANDAR BUKIT KANGKAR
1030000068,10,01,22,41,BANDAR PARIT BUNGA
1030000069,10,01,22,42,BANDAR SEROM
1030000070,10,01,22,43,BANDAR SUNGAI MATI
1030000071,10,01,22,44,BANDAR TANGKAK
1030000072,10,01,22,03,GRISEK
1030000073,8,01,08,01,BEKOK
1030000075,8,01,08,08,LABIS
1030000076,1,01,01,14,TANJUNG SEMBRONG
1030000077,3,01,03,08,RENGAM
1030000078,3,01,03,03,KLUANG
1030000079,1,01,01,08,SRI GADING
1030000080,7,01,07,05,JERAM BATU
1030000081,2,01,02,08,TEBRAU
1030000082,4,01,04,05,KOTA TINGGI
1030000083,5,01,05,43,BANDAR PADANG ENDAU
1030000084,10,01,22,01,TANGKAK
1030000085,10,01,22,05,KUNDANG
1030000086,34,04,01,05,BATU BERENDAM
1030000087,34,04,01,07,BUKIT BARU
1030000088,34,04,01,08,BUKIT KATIL
1030000089,34,04,01,09,BUKIT LINTANG
1030000090,34,04,01,13,DUYONG
1030000091,34,04,01,15,KANDANG
1030000092,34,04,01,02,AYER MOLEK
1030000093,34,04,01,24,SEMABOK
1030000094,34,04,01,70,PEKAN AYER MOLEK
1030000095,34,04,01,71,PEKAN BATU BERENDAM
1030000096,35,04,02,01,AYER PANAS
1030000097,35,04,02,04,CHABAU
1030000098,35,04,02,05,CHIN CHIN
1030000099,35,04,02,06,CHOHONG
1030000100,35,04,02,11,NYALAS
1030000101,35,04,02,16,SEMUJOK
1030000102,35,04,02,75,PEKAN NYALAS
1030000103,36,04,03,03,BERINGIN
1030000104,36,04,03,16,PADANG SEBANG
1030000105,36,04,03,18,PEGOH
1030000106,36,04,03,21,RAMUAN CHINA KECHIL
1030000107,36,04,03,27,SUNGEI PETAI
1030000108,36,04,03,28,SUNGEI SIPUT
1030000109,36,04,03,29,TABOH NANING
1030000110,36,04,03,30,TANJONG RIMAU
1030000112,36,04,03,40,BANDAR ALOR GAJAH
1030000113,36,04,03,41,BANDAR MASJID TANAH
1030000114,36,04,03,42,BANDAR PULAU SEBANG
1030000115,35,04,02,12,RIM
1030000116,35,04,02,18,SUNGEI RAMBAI
1030000117,36,04,03,01,AYER PA' ABAS
1030000119,36,04,03,04,BRISU
1030000120,36,04,03,06,GADEK
1030000121,36,04,03,07,KELEMAK
1030000122,36,04,03,11,LENDU
1030000123,36,04,03,12,MACHAP
1030000124,36,04,03,14,MALAKA PINDAH
1030000125,36,04,03,15,MELEKEK
1030000126,36,04,03,17,PARIT MELANA
1030000127,36,04,03,19,PULAU SEBANG
1030000128,36,04,03,20,RAMUAN CHINA BESAR
1030000129,36,04,03,22,REMBIA
1030000130,36,04,03,24,SUNGEI BARU ULU
1030000131,36,04,03,26,SUNGEI BULOH
1030000132,34,04,01,03,BACHANG
1030000133,34,04,01,04,BALAI PANJANG
1030000134,34,04,01,06,BERTAM
1030000135,34,04,01,10,BUKIT PIATU
1030000136,34,04,01,11,BUKIT RAMBAI
1030000137,34,04,01,12,CHENG
1030000138,34,04,01,14,UJONG PASIR
1030000139,34,04,01,16,KLEBANG BESAR
1030000140,34,04,01,18,KRUBONG
1030000141,34,04,01,19,PADANG SEMABOK
1030000142,34,04,01,21,PAYA RUMPUT
1030000143,35,04,02,08,JUS
1030000144,34,04,01,28,TANJONG MINYAK
1030000145,36,04,03,08,KEMUNING
1030000146,36,04,03,13,MASJID TANAH
1030000147,36,04,03,71,PEKAN KUALA SG.BARU
1030000149,36,04,03,73,PEKAN REMBIA
1030000150,34,04,01,40,BANDAR BUKIT BARU
1030000151,34,04,01,22,PRINGGIT
1030000153,35,04,02,03,BUKIT SENGGEH
1030000154,34,04,01,72,PEKAN BUKIT RAMBAI
1030000155,34,04,01,73,PEKAN KANDANG
1030000156,34,04,01,75,PEKAN PAYA RUMPUT
1030000157,34,04,01,76,PEKAN SUNGEI UDANG
1030000158,34,04,01,77,PEKAN TANGGA BATU
1030000159,35,04,02,07,JASIN
1030000160,35,04,02,40,BANDAR JASIN
1030000161,35,04,02,41,BANDAR MERLIMAU
1030000162,35,04,02,70,PEKAN ASAHAN
1030000164,35,04,02,72,PEKAN BEMBAN
1030000165,35,04,02,73,PEKAN CHINCHIN
1030000166,35,04,02,74,PEKAN KESANG PAJAK
1030000167,35,04,02,77,PEKAN SEMPANG BEKOH
1030000168,35,04,02,78,PEKAN SUNGEI RAMBAI
1030000169,37,05,01,05,KUALA KLAWANG
1030000170,37,05,01,07,PERTANG
1030000171,37,05,01,70,PEKAN KUALA KLAWANG
1030000172,38,05,02,01,AMPANG TINGGI
1030000173,38,05,02,02,ULU JEMPOL
1030000174,38,05,02,06,KEPIS
1030000175,38,05,02,09,PILAH
1030000176,40,05,04,02,BONGEK
1030000177,40,05,04,06,KUNDOR
1030000178,40,05,04,13,SELEMAK
1030000180,41,05,05,01,AMPANGAN
1030000181,41,05,05,07,SEREMBAN
1030000183,41,05,05,86,PEKAN SUNGAI GADUT
1030000184,41,05,05,94,PEKAN SENAWANG
1030000185,42,05,06,05,REPAH
1030000186,43,05,07,01,JELEI
1030000187,43,05,07,74,PEKAN LADANG GEDDES
1030000188,37,05,01,06,PERADONG
1030000189,38,05,02,80,PEKAN DANGI BARU
1030000190,37,05,01,40,BANDAR KUALA KLAWANG
1030000191,37,05,01,71,PEKAN PERTANG
1030000192,37,05,01,72,PEKAN TITI
1030000193,37,05,01,73,PEKAN SIMPANG DURIAN
1030000194,38,05,02,03,ULU MUAR
1030000195,38,05,02,04,JOHOL
1030000196,38,05,02,05,JUASSEH
1030000197,37,05,01,02,ULU KLAWANG
1030000198,38,05,02,08,PARIT TINGGI
1030000200,38,05,02,11,TERACHI
1030000201,38,05,02,40,BANDAR KUALA PILAH
1030000202,38,05,02,70,PEKAN DANGI
1030000203,38,05,02,71,PEKAN GUNUNG PASIR
1030000204,38,05,02,72,PEKAN JOHOL
1030000205,38,05,02,73,PEKAN PARIT TINGGI
1030000206,38,05,02,74,PEKAN SENALING
1030000207,38,05,02,75,PEKAN TANJONG IPOH
1030000208,38,05,02,76,PEKAN JUASSEH
1030000209,38,05,02,78,PEKAN MELANG
1030000210,38,05,02,79,PEKAN AIR MAWANG
1030000211,39,05,03,05,SI RUSA
1030000213,39,05,03,72,PEKAN PENG.KEMPAS
1030000214,40,05,04,01,BATU HAMPAR
1030000215,40,05,04,03,CHEMBONG
1030000216,40,05,04,04,CHENGKAU
1030000217,40,05,04,07,LEGONG ILIR
1030000218,40,05,04,08,LEGONG ULU
1030000219,40,05,04,09,MIKU
1030000220,40,05,04,10,NERASAU
1030000221,40,05,04,11,PEDAS
1030000222,40,05,04,12,PILIN
1030000223,40,05,04,15,SPRI
1030000224,40,05,04,40,BANDAR REMBAU
1030000225,40,05,04,70,PEKAN KAMPONG BATU
1030000226,36,04,03,72,PEKAN LUBOK CHINA
1030000227,40,05,04,73,PEKAN PEDAS
1030000228,40,05,04,74,PEKAN CHEMBONG
1030000229,40,05,04,75,PEKAN REMBAU
1030000230,40,05,04,76,PEKAN CHENGKAU
1030000232,41,05,05,05,RANTAU
1030000233,41,05,05,40,BANDAR SEREMBAN
1030000234,41,05,05,71,PEKAN ULU BERANANG
1030000235,41,05,05,73,PEKAN LENGGENG
1030000236,41,05,05,74,PEKAN MAMBAU
1030000237,41,05,05,75,PEKAN NILAI
1030000238,41,05,05,76,PEKAN MANTIN
1030000239,41,05,05,77,PEKAN PAJAM
1030000240,41,05,05,78,PEKAN RANTAU
1030000241,41,05,05,79,PEKAN TIROI
1030000242,41,05,05,80,PEKAN PANCHOR
1030000243,41,05,05,81,PEKAN TAMAN SEREMBAN
1030000244,41,05,05,83,PEKAN PAROI
1030000245,41,05,05,84,PEKAN BUKIT KEPAYANG
1030000246,41,05,05,85,PEKAN DUSUN SETIA
1030000247,41,05,05,87,PEKAN BUKTI
1030000248,41,05,05,89,PEKAN SHAH BANDAR
1030000249,41,05,05,90,PEKAN SETUL
1030000250,41,05,05,91,PEKAN ULU TEMIANG
1030000251,41,05,05,92,PEKAN PAROI JAYA
1030000252,41,05,05,93,PEKAN RASAH JAYA
1030000253,41,05,05,95,PEKAN SEREMBAN JAYA
1030000254,42,05,06,72,PEKAN GEMENCHEH BAHRU
1030000255,42,05,06,73,PEKAN REPAH
1030000257,42,05,06,76,PEKAN PASIR BESAR
1030000258,43,05,07,02,KUALA JEMPOL
1030000259,43,05,07,40,BANDAR SERTING
1030000260,43,05,07,41,BANDAR BAHAU
1030000261,43,05,07,70,PEKAN BAHAU
1030000262,43,05,07,71,PEKAN BATU KIKIR
1030000263,43,05,07,72,PEKAN KUALA JELEI
1030000264,43,05,07,73,PEKAN ROMPIN
1030000265,43,05,07,75,PEKAN MAHSAN
1030000266,39,05,03,77,PEKAN LINGGI
1030000267,39,05,03,78,PEKAN AIR KUNING
1030000269,37,05,01,76,PEKAN SUNGAI MUTOH
1030000270,39,05,03,81,PEKAN TANAH MERAH UTARA
1030000271,39,05,03,82,PEKAN TANAH MERAH SELATAN
1030000272,39,05,03,83,PEKAN JEMIMA
1030000273,40,05,04,77,PEKAN SERI KOTA
1030000274,40,05,04,79,PEKAN MERBAU SEMBILAN
1030000275,41,05,05,41,BANDAR SEREMBAN 3
1030000276,42,05,06,77,PEKAN REPAH PERMAI
1030000277,42,05,06,78,PEKAN REPAH JAYA
1030000278,43,05,07,42,BANDAR SERI JEMPOL
1030000279,43,05,07,76,PEKAN SERTING TENGAH
1030000280,37,05,01,74,PEKAN SIMPANG PERTANG
1030000281,38,05,02,77,PEKAN BUKIT GELUGOR
1030000282,38,05,02,07,LANGKAP
1030000283,40,05,04,71,PEKAN KOTA
1030000284,41,05,05,72,PEKAN LABU
1030000285,41,05,05,88,PEKAN SIKAMAT
1030000286,42,05,06,70,PEKAN AYER KUNING SELATAN
1030000287,39,05,03,02,LINGGI
1030000288,40,05,04,17,TITIAN BINTANGOR
1030000289,40,05,04,78,PEKAN SERI KENDONG
1030000290,40,05,04,14,SEMERBOK
1030000291,42,05,06,74,PEKAN TAMPIN TENGAH
1030000292,42,05,06,41,BANDAR TAMPIN
1030000293,40,05,04,05,GADONG
1030000294,42,05,06,06,TAMPIN TENGAH
1030000295,36,04,03,31,TEBONG
1030000296,42,05,06,04,KERU
1030000297,42,05,06,03,GEMENCHEH
1030000298,35,04,02,71,PEKAN BATANG MELAKA
1030000299,8,01,08,04,GEMAS
1030000300,42,05,06,01,AYER KUNING
1030000301,42,05,06,40,BANDAR GEMAS
1030000302,43,05,07,05,SERTING ULU
1030000304,43,05,07,04,SERTING ILIR
1030000305,37,05,01,08,TRIANG ILIR
1030000306,41,05,05,43,BANDAR MANTIN UTAMA
1030000307,41,05,05,03,LENGGENG
1030000308,41,05,05,45,BANDAR BARU KOTA SRI MAS
1030000309,41,05,05,44,BANDAR BARU ENSTEK
1030000310,41,05,05,08,SETUL
1030000311,50,06,07,02,DONG
1030000312,51,06,08,03,KERDAU
1030000313,51,06,08,07,PERAK
1030000315,53,06,10,01,BUKIT SEGUMPAL
1030000316,53,06,10,02,CHENOR
1030000317,53,06,10,03,KERTAU
1030000318,46,06,03,02,ULU CHEKA
1030000319,46,06,03,06,PEDAH
1030000322,49,06,06,10,PULAU RUSA
1030000323,51,06,08,01,BANGAU
1030000325,50,06,07,03,GALI
1030000326,50,06,07,04,ULU DONG
1030000327,50,06,07,05,SEGA
1030000328,50,06,07,40,BANDAR RAUB
1030000330,50,06,07,70,PEKAN CHEROH
1030000331,50,06,07,71,PEKAN DONG
1030000333,51,06,08,04,LEBAK
1030000334,51,06,08,05,LIPAT KAJANG
1030000335,51,06,08,40,BANDAR MENTAKAB
1030000336,51,06,08,08,SANGGANG
1030000337,51,06,08,09,SEMANTAN
1030000338,51,06,08,10,SONGSANG
1030000339,51,06,08,41,BANDAR TEMERLOH
1030000340,51,06,08,71,PEKAN KERDAU
1030000341,51,06,08,73,PEKAN LANCHANG
1030000343,52,06,09,44,BANDAR ROMPIN IV
1030000344,52,06,09,45,BANDAR PONTIAN
1030000345,58,06,15,40,BANDAR MUADZAM SHAH I
1030000346,58,06,15,41,BANDAR MUADZAM SHAH II
1030000347,52,06,09,70,PEKAN KUALA ROMPIN
1030000348,52,06,09,71,PEKAN TIOMAN
1030000349,53,06,10,04,LUIT
1030000350,53,06,10,40,BANDAR MARAN
1030000351,53,06,10,70,PEKAN CHENOR
1030000352,54,06,11,42,BANDAR TRIANG
1030000353,54,06,11,70,PEKAN DURIAN TAWAR
1030000354,54,06,11,74,PEKAN MENGKARAK
1030000356,44,06,01,41,BANDAR KARAK
1030000357,44,06,01,71,PEKAN TELEMUNG
1030000358,45,06,02,40,BANDAR TANAH RATA
1030000359,45,06,02,70,PEKAN BRINCANG
1030000360,45,06,02,72,PEKAN RINGLET
1030000361,46,06,03,04,KELOLA
1030000362,46,06,03,05,KUALA TEMBELING
1030000363,46,06,03,07,PULAU TAWAR
1030000365,46,06,03,40,BANDAR JERANTUT
1030000366,46,06,03,70,PEKAN KUALA TEMBELING
1030000367,47,06,04,03,ULU LEPAR
1030000368,47,06,04,71,PEKAN TANJUNG LUMPUR
1030000369,48,06,05,03,CHEKA
1030000370,48,06,05,09,TANJUNG BESAR
1030000371,48,06,05,72,PEKAN PADANG TENGKU
1030000379,49,06,06,02,GANCHONG
1030000381,49,06,06,05,LEPAR
1030000382,49,06,06,08,PENYOR
1030000383,49,06,06,09,PULAU MANIS
1030000384,49,06,06,11,TEMAI
1030000385,46,06,03,71,PEKAN JERANSANG
1030000386,45,06,02,71,PEKAN LUBOK TAMANG
1030000387,51,06,08,72,PEKAN KUALA KERAU
1030000389,53,06,10,72,PEKAN SRI JAYA
1030000390,46,06,03,09,TEH
1030000391,48,06,05,70,PEKAN BENTA
1030000392,54,06,11,75,PEKAN MENGKUANG
1030000393,47,06,04,40,BANDAR GAMBANG
1030000394,49,06,06,06,PAHANG TUA
1030000395,44,06,01,03,PELANGAI
1030000396,44,06,01,02,SABAI
1030000397,58,06,15,01,KERATONG
1030000398,54,06,11,11,BERA
1030000399,54,06,11,12,TRIANG
1030000400,50,06,07,06,SEMANTAN ULU
1030000401,45,06,02,02,RINGLET
1030000402,45,06,02,03,TANAH RATA
1030000403,57,06,14,01,BATU YON
1030000404,46,06,03,10,TEMBELING
1030000405,47,06,04,02,ULU KUANTAN
1030000406,46,06,03,03,ULU TEMBELING
1030000407,79,10,02,79,PEKAN SIJANGKANG
1030000408,80,10,04,08,PASANGAN
1030000409,80,10,04,78,PEKAN TANJONG KARANG
1030000410,80,10,04,82,PEKAN PARIT MAHANG
1030000411,80,10,04,85,PEKAN TAMAN PKNS
1030000412,81,10,05,81,PEKAN SEKINCHAN SITE A
1030000413,82,10,06,42,BANDAR KAJANG
1030000414,82,10,06,79,PEKAN BATU 26 BERANANG
1030000415,83,10,07,45,BANDAR SERENDAH
1030000416,83,10,07,70,PEKAN KERLING
1030000417,83,10,07,72,PEKAN SIMPANG SUNGAI CHOH
1030000418,86,10,10,77,PEKAN DATO' BAKAR BAGINDA
1030000419,81,10,05,72,PEKAN PARIT SEMBILAN
1030000420,78,10,01,41,BANDAR PORT SWETTENHAM
1030000421,78,10,01,72,PEKAN MERU
1030000423,78,10,01,75,PEKAN PANDAMARAN
1030000424,79,10,02,41,BANDAR JENJAROM
1030000425,79,10,02,42,BANDAR SIJANGKANG
1030000426,79,10,02,44,BANDAR TELOK PANGLIMA GARANG
1030000427,79,10,02,71,PEKAN BUKIT CHANGGANG
1030000428,79,10,02,72,PEKAN CHODOI
1030000429,79,10,02,73,PEKAN JENJAROM
1030000430,79,10,02,75,PEKAN KANCHONG DARAT
1030000431,79,10,02,82,PEKAN SUNGAI RABA
1030000432,79,10,02,86,PEKAN TONGKAH
1030000433,79,10,02,85,PEKAN TELOK
1030000434,80,10,04,04,ULU TINGGI
1030000435,80,10,04,41,BANDAR TANJONG KARANG
1030000436,80,10,04,76,PEKAN PASIR PENAMBANG
1030000437,80,10,04,79,PEKAN BUKIT BELIMBING
1030000438,80,10,04,80,PEKAN BUKIT TALANG
1030000439,80,10,04,83,PEKAN SIMPANG TIGA IJOK
1030000440,80,10,04,84,PEKAN SUNGAI SEMBILANG
1030000441,81,10,05,70,PEKAN BAGAN TERAP
1030000442,81,10,05,71,PEKAN PARIT ENAM
1030000444,81,10,05,75,PEKAN SABAK
1030000445,81,10,05,76,PEKAN SUNGAI AIR TAWAR
1030000446,81,10,05,77,PEKAN SUNGAI SEPINTAS
1030000447,81,10,05,78,PEKAN BAGAN NAKHODA OMAR
1030000448,81,10,05,79,PEKAN PARIT BARU
1030000449,39,05,03,71,PEKAN PASIR PANJANG
1030000450,81,10,05,82,PEKAN SUNGAI BESAR
1030000451,81,10,05,83,PEKAN SUNGAI HAJI DORANI
1030000452,81,10,05,84,PEKAN SUNGAI NIBONG
1030000453,82,10,06,45,BANDAR COUNTRY HEIGHT
1030000454,82,10,06,46,BANDAR BALAKONG
1030000456,82,10,06,48,BANDAR BATU 9 CHERAS
1030000457,82,10,06,50,BANDAR BATU 26 BERANANG
1030000458,82,10,06,77,PEKAN BATU 18 ULU LANGAT
1030000459,82,10,06,78,PEKAN BATU 23 SUNGAI LALANG
1030000460,82,10,06,80,PEKAN BUKIT SUNGAI RAYA
1030000461,82,10,06,82,PEKAN DESA RAYA
1030000462,82,10,06,83,PEKAN DUSUN TUA ULU LANGAT
1030000463,82,10,06,87,PEKAN RUMAH MURAH SUNGAI LUI
1030000464,82,10,06,89,PEKAN SIMPANG BALAK
1030000465,82,10,06,92,PEKAN SUNGAI LUI
1030000466,83,10,07,08,KUALA KALUMPANG
1030000467,83,10,07,43,BANDAR KUALA KUBU BAHARU
1030000468,83,10,07,44,BANDAR RASA
1030000469,83,10,07,46,BANDAR BATANG KALI
1030000470,84,10,08,47,BANDAR SUBANG JAYA
1030000471,84,10,08,48,BANDAR SUNWAY
1030000472,84,10,08,70,PEKAN BATU TIGA
1030000473,84,10,08,79,PEKAN DESA PUCHONG
1030000474,84,10,08,88,PEKAN PENAGA
1030000475,84,10,08,90,PEKAN PUCHONG PERDANA
1030000476,85,10,09,40,BANDAR BATU ARANG
1030000477,85,10,09,72,PEKAN BATU 20
1030000478,85,10,09,74,PEKAN MIMALAND
1030000479,85,10,09,75,PEKAN PENGKALAN KUNDANG
1030000481,86,10,10,41,BANDAR BARU BANGI
1030000482,86,10,10,43,BANDAR LAPANGAN TERBANG ANTARABANGSA SEPANG
1030000484,86,10,10,72,PEKAN SUNGAI PELEK
1030000485,86,10,10,74,PEKAN BATU 1 SEPANG
1030000486,86,10,10,78,PEKAN BARU SALAK TINGGI
1030000487,79,10,02,83,PEKAN TANJONG DUABELAS
1030000488,80,10,04,74,PEKAN KAMPONG KUANTAN
1030000489,82,10,06,76,PEKAN BANGI LAMA
1030000491,41,05,05,70,PEKAN BROGA
1030000492,82,10,06,75,PEKAN TARUN
1030000493,69,08,06,01,ASAM KUMBANG
1030000494,69,08,06,02,BATU KURAU
1030000495,69,08,06,03,BUKIT GANTANG
1030000496,69,08,06,05,KAMUNTING
1030000497,70,08,07,02,CHANGKAT JONG
1030000498,70,08,07,03,DURIAN SEBATANG
1030000499,70,08,07,08,SUNGAI MANIK
1030000500,70,08,07,74,PEKAN DEGONG
1030000501,76,08,13,78,PEKAN SUNGAI SUMUN
1030000502,71,08,08,03,DURIAN PIPIT
1030000503,73,08,10,10,PASIR PANJANG HULU
1030000504,64,08,01,02,BIDOR
1030000505,64,08,01,71,PEKAN BANIR
1030000507,66,08,03,05,SUNGAI TERAP
1030000508,66,08,03,47,BANDAR LAHAT
1030000509,66,08,03,73,PEKAN SIMPANG PULAI
1030000511,68,08,05,01,CHEGAR GALAH
1030000512,68,08,05,04,KOTA LAMA KIRI
1030000513,68,08,05,07,SAYUNG
1030000514,76,08,13,72,PEKAN HUTAN MELINTANG
1030000515,69,08,06,06,PENGKALAN AOR
1030000516,69,08,06,07,SIMPANG
1030000517,69,08,06,08,SUNGAI LIMAU
1030000518,69,08,06,11,TUPAI
1030000519,69,08,06,40,BANDAR KAMUNTING
1030000520,69,08,06,41,BANDAR KUALA SEPETANG
1030000521,69,08,06,42,BANDAR MATANG
1030000522,69,08,06,43,BANDAR TAIPING
1030000523,69,08,06,70,PEKAN BATU KURAU
1030000524,69,08,06,71,PEKAN CHANGKAT JERING
1030000525,69,08,06,72,PEKAN PONDOK TANJONG
1030000526,69,08,06,73,PEKAN SIMPANG
1030000527,69,08,06,74,PEKAN TERUNG
1030000528,70,08,07,05,LABU KUBONG
1030000529,70,08,07,07,SUNGAI DURIAN
1030000530,76,08,13,04,TELUK BARU
1030000531,70,08,07,40,BANDAR TELUK INTAN
1030000532,76,08,13,70,PEKAN BAGAN DATUK
1030000533,70,08,07,71,PEKAN BATAK RABIT
1030000534,76,08,13,71,PEKAN BATU DUA PULOH
1030000535,70,08,07,73,PEKAN CHIKUS
1030000536,76,08,13,73,PEKAN JENDARATA
1030000537,70,08,07,78,PEKAN LANGKAP
1030000538,76,08,13,75,PEKAN SELEKOH
1030000539,76,08,13,76,PEKAN SIMPANG EMPAT
1030000541,71,08,08,09,TEMELONG
1030000542,71,08,08,40,BANDAR GERIK
1030000543,71,08,08,41,BANDAR KELIAN INTAN
1030000544,71,08,08,42,BANDAR PENGKALAN HULU
1030000545,71,08,08,43,BANDAR LAWIN
1030000546,71,08,08,44,BANDAR LENGGONG
1030000547,72,08,09,40,BANDAR SELAMA
1030000548,72,08,09,70,PEKAN RANTAU PANJANG
1030000549,72,08,09,71,PEKAN SUNGAI BAYUR
1030000551,73,08,10,04,JAYA BARU
1030000552,73,08,10,05,KAMPONG GAJAH
1030000553,73,08,10,06,KOTA SETIA
1030000554,73,08,10,07,LAMBOR KANAN
1030000555,73,08,10,08,LAMBOR KIRI
1030000556,73,08,10,09,LAYANG LAYANG
1030000557,73,08,10,11,PASIR SALAK
1030000558,73,08,10,12,PULAU TIGA
1030000559,73,08,10,40,BANDAR SERI ISKANDAR
1030000560,73,08,10,70,PEKAN BOTA KANAN
1030000561,73,08,10,71,PEKAN KAMPONG BULOH AKAR
1030000562,73,08,10,72,PEKAN KOTA SETIA
1030000563,73,08,10,74,PEKAN TANJONG BELANJA
1030000564,64,08,01,40,BANDAR BIDOR
1030000565,64,08,01,41,BANDAR CHENDERIANG
1030000566,64,08,01,42,BANDAR SUNGKAI
1030000567,64,08,01,44,BANDAR TAPAH
1030000568,64,08,01,45,BANDAR TEMOH
1030000569,64,08,01,70,PEKAN AYER KUNING
1030000571,75,08,12,71,PEKAN SLIM
1030000572,64,08,01,75,PEKAN SUNGAI LESONG
1030000573,64,08,01,76,PEKAN TAPAH ROAD
1030000574,64,08,01,77,PEKAN TEMOH STATION
1030000575,75,08,12,72,PEKAN TEROLAK
1030000576,65,08,02,01,BERUAS
1030000577,65,08,02,40,BANDAR LUMUT
1030000578,65,08,02,70,PEKAN AYER TAWAR
1030000579,65,08,02,71,PEKAN BERUAS
1030000580,65,08,02,72,PEKAN CHANGKAT KERUING
1030000581,65,08,02,74,PEKAN KAMPONG BAHARU
1030000582,65,08,02,75,PEKAN KAMPONG KOH
1030000583,65,08,02,76,PEKAN KAMPONG SITIAWAN
1030000584,65,08,02,78,PEKAN PANTAI REMIS
1030000585,65,08,02,80,PEKAN PEKAN GURNEY
1030000586,65,08,02,82,PEKAN SEGARI
1030000587,65,08,02,83,PEKAN SITIAWAN
1030000588,66,08,03,06,TANJONG TUALANG
1030000589,66,08,03,40,BANDAR BATU GAJAH
1030000590,66,08,03,41,BANDAR CHEMOR
1030000591,74,08,11,40,BANDAR GOPENG
1030000593,66,08,03,44,BANDAR IPOH (S)
1030000594,66,08,03,45,BANDAR JELAPANG
1030000595,74,08,11,41,BANDAR KAMPAR
1030000596,66,08,03,48,BANDAR MENGLEMBU
1030000597,66,08,03,49,BANDAR PAPAN
1030000598,66,08,03,51,BANDAR PUSING
1030000599,66,08,03,52,BANDAR SEPUTEH
1030000600,66,08,03,53,BANDAR SUNGAI RAYA
1030000601,66,08,03,54,BANDAR TAMBUN
1030000602,66,08,03,55,BANDAR TANJONG RAMBUTAN
1030000603,66,08,03,56,BANDAR TRONOH
1030000604,66,08,03,70,PEKAN KANTHAN
1030000605,74,08,11,70,PEKAN KOTA BAHARU
1030000606,74,08,11,71,PEKAN MALIM NAWAR
1030000607,66,08,03,74,PEKAN TANJONG TUALANG
1030000608,67,08,04,04,GUNONG SEMANGGOL
1030000609,67,08,04,40,BANDAR BAGAN SERAI
1030000610,67,08,04,41,BANDAR KUALA KURAU
1030000611,67,08,04,70,PEKAN BUKIT MERAH
1030000612,67,08,04,71,PEKAN JALAN BARU
1030000613,81,10,05,74,PEKAN SIMPANG LIMA
1030000614,67,08,04,74,PEKAN SUNGAI GEDONG
1030000615,67,08,04,75,PEKAN TANJONG PIANDANG
1030000616,68,08,05,02,KAMPONG BUAYA
1030000617,68,08,05,03,KOTA LAMA KANAN
1030000618,68,08,05,05,LUBOK MERBAU
1030000619,68,08,05,06,PULAU KAMIRI
1030000620,68,08,05,08,SENGGANG
1030000621,68,08,05,40,BANDAR KUALA KANGSAR
1030000622,68,08,05,41,BANDAR SUNGAI SIPUT
1030000623,68,08,05,70,PEKAN GUNONG PONDOK
1030000624,68,08,05,71,PEKAN JERLUN
1030000625,68,08,05,72,PEKAN KARAI
1030000626,68,08,05,73,PEKAN KATI
1030000628,68,08,05,75,PEKAN MANONG
1030000629,68,08,05,76,PEKAN PADANG RENGAS
1030000630,86,10,10,71,PEKAN SALAK
1030000631,65,08,02,81,PEKAN PENGKALAN BAHARU
1030000632,73,08,10,02,BELANJA
1030000633,73,08,10,73,PEKAN PARIT
1030000634,64,08,01,73,PEKAN BIKAM
1030000635,65,08,02,73,PEKAN DAMAR LAUT
1030000636,75,08,12,40,BANDAR TANJONG MALIM
1030000637,75,08,12,03,SLIM
1030000638,64,08,01,07,SUNGKAI
1030000639,64,08,01,01,BATANG PADANG
1030000640,74,08,11,01,KAMPAR
1030000641,66,08,03,04,SUNGAI RAYA
1030000642,74,08,11,02,TEJA
1030000643,66,08,03,02,HULU KINTA
1030000644,71,08,08,08,LENGGONG
1030000645,68,08,05,09,SUNGAI SIPUT
1030000646,30,03,08,40,BANDAR GUA MUSANG
1030000647,30,03,08,01,BATU PAPAN
1030000648,30,03,08,02,GUA MUSANG
1030000649,30,03,08,05,KUALA SUNGAI
1030000650,30,03,08,06,LIMAU KASTURI
1030000651,30,03,08,09,RENOK
1030000652,31,03,10,12,KUALA STONG
1030000653,45,06,02,01,ULU TELOM
1030000654,57,06,14,02,ULU JELAI
1030000655,30,03,08,03,ULU NENGGIRI
1030000658,30,03,08,08,RELAI
1030000659,31,03,10,04,GAJAH
1030000660,31,03,10,16,MANJOR
1030000661,27,03,05,17,GONG PACHAT
1030000662,27,03,05,08,CHERANG RUKU
1030000663,71,08,08,07,KERUNAI
1030000664,71,08,08,01,BELUKAR SEMANG
1030000665,71,08,08,05,KENERING
1030000666,71,08,08,06,PENGKALAN HULU
1030000667,72,08,09,03,SELAMA
1030000668,67,08,04,01,BAGAN SERAI
1030000669,67,08,04,42,BANDAR PARIT BUNTAR
1030000670,72,08,09,02,HULU SELAMA
1030000671,67,08,04,03,BERIAH
1030000672,67,08,04,06,PARIT BUNTAR
1030000673,72,08,09,01,HULU IJOK
1030000674,22,02,12,05,JABI
1030000675,87,11,01,08,KAMPUNG RAJA
1030000676,87,11,01,10,KERANDANG
1030000678,87,11,01,13,LUBUK KAWAH
1030000679,87,11,01,15,PASIR AKAR
1030000680,87,11,01,70,PEKAN JERTIH
1030000681,87,11,01,72,PEKAN KUALA BESUT
1030000682,88,11,02,02,BESUL
1030000683,88,11,02,03,HULU PAKA
1030000684,88,11,02,05,JERANGAU
1030000685,88,11,02,08,KUMPAL
1030000686,94,11,08,01,BATU RAKIT
1030000687,90,11,04,06,BUKIT BESAR
1030000688,90,11,04,11,GELUGUR RAJA
1030000689,90,11,04,17,LOSONG
1030000690,91,11,05,01,HULU BERANG
1030000691,91,11,05,08,TANGGUL
1030000692,92,11,06,06,BUKIT PAYUNG
1030000693,93,11,07,04,HULU SETIU
1030000694,87,11,01,71,PEKAN KAMPUNG RAJA
1030000695,88,11,02,10,RASAU
1030000697,89,11,03,05,HULU CUKAI
1030000698,89,11,03,10,PASIR SEMUT
1030000699,89,11,03,40,BANDAR CUKAI
1030000700,89,11,03,70,PEKAN AIR JERNIH
1030000701,90,11,04,02,ATAS TOL
1030000702,94,11,08,03,PAKOH
1030000703,90,11,04,08,CABANG TIGA
1030000704,90,11,04,10,GELUGUR KEDAI
1030000705,90,11,04,13,KEPUNG
1030000706,90,11,04,14,KUALA IBAI
1030000707,90,11,04,16,KUBANG PARIT
1030000708,90,11,04,18,MANIR
1030000709,90,11,04,20,PALUH
1030000710,90,11,04,21,PENGADANG BULUH
1030000711,90,11,04,24,RENGAS
1030000712,90,11,04,25,SERADA
1030000713,90,11,04,26,TOK JAMAL
1030000714,90,11,04,71,PEKAN CABANG TIGA
1030000715,91,11,05,02,HULU TELEMUNG
1030000716,91,11,05,04,JENAGUR
1030000717,91,11,05,05,KUALA BERANG
1030000718,91,11,05,06,KUALA TELEMUNG
1030000719,91,11,05,07,PENGHULU DIMAN
1030000720,91,11,05,09,TERSAT
1030000721,91,11,05,70,PEKAN KUALA BERANG
1030000722,92,11,06,01,JERUNG
1030000723,92,11,06,05,ALUR LIMBAT
1030000724,92,11,06,71,PEKAN BUKIT PAYUNG
1030000725,93,11,07,01,CALUK
1030000726,93,11,07,02,GUNTUNG
1030000727,93,11,07,03,HULU NERUS
1030000728,93,11,07,05,MERANG
1030000730,87,11,01,01,BUKIT KENAK
1030000731,89,11,03,02,BANGGUL
1030000732,89,11,03,01,BANDI
1030000733,89,11,03,06,HULU JABUR
1030000734,88,11,02,04,JENGAI
1030000735,91,11,05,03,HULU TERENGGANU
1030000736,89,11,03,11,TEBAK
1030000737,88,11,02,09,PASIR RAJA
1030000738,87,11,01,05,HULU BESUT
1030000739,87,11,01,21,TENANG
1030000740,87,11,01,11,KUALA BESUT
1030000741,87,11,01,16,PELAGAT
1030000742,87,11,01,17,PENGKALAN NANGKA
1030000743,87,11,01,02,BUKIT PETERI
1030000754,59,07,01,21,MUKIM 21
1030000755,60,07,02,08,MUKIM 8
1030000758,62,07,04,42,BANDAR BUKIT BENDERA
1030000759,63,07,05,04,MUKIM 4
1030000760,63,07,05,10,MUKIM 10
1030000761,63,07,05,22,MUKIM J
1030000764,59,07,01,20,MUKIM 20
1030000766,59,07,01,40,BANDAR BUKIT MERTAJAM
1030000767,60,07,02,05,MUKIM 5
1030000768,63,07,05,06,MUKIM 6
1030000770,60,07,02,11,MUKIM 11
1030000771,61,07,03,14,MUKIM 14
1030000775,61,07,03,15,MUKIM 15
1030000776,61,07,03,40,BANDAR NIBONG TEBAL
1030000777,61,07,03,41,BANDAR SUNGEI BAKAP
1030000780,61,07,03,16,MUKIM 16
1030000782,62,07,04,40,BANDAR AYER ITAM
1030000783,62,07,04,43,BANDAR GLUGOR
1030000784,61,07,03,03,MUKIM 3
1030000787,63,07,05,14,MUKIM B
1030000788,63,07,05,17,MUKIM E
1030000789,63,07,05,18,MUKIM F
1030000790,63,07,05,19,MUKIM G
1030000791,63,07,05,40,BANDAR BALIK PULAU
1030000792,63,07,05,41,BANDAR BAYAN LEPAS
1030000793,61,07,03,09,MUKIM 9
1030000798,59,07,01,07,MUKIM 7
1030000802,60,07,02,13,MUKIM 13
1030000803,62,07,04,06,MUKIM 18
1030000804,60,07,02,02,MUKIM 2
1030000805,62,07,04,05,MUKIM 17
1030000807,59,07,01,19,MUKIM 19
1030000809,60,07,02,12,MUKIM 12
1030000810,77,09,01,03,BESERI
1030000811,77,09,01,05,UTAN AJI
1030000813,77,09,01,08,KECHOR
1030000814,77,09,01,11,KURONG BATANG
1030000815,77,09,01,12,NGULANG
1030000816,77,09,01,13,ORAN
1030000817,77,09,01,14,PADANG PAUH
1030000819,77,09,01,18,SENA
1030000820,77,09,01,19,SERIAB
1030000821,77,09,01,20,SUNGAI ADAM
1030000822,77,09,01,01,ABI
1030000823,77,09,01,02,ARAU
1030000824,77,09,01,21,TITI TINGGI
1030000825,77,09,01,22,WANG BINTONG
1030000826,77,09,01,40,BANDAR ARAU
1030000827,77,09,01,70,PEKAN KUALA PERLIS
1030000828,77,09,01,72,PEKAN KAKI BUKIT
1030000829,77,09,01,41,BANDAR KANGAR
1030000830,77,09,01,04,CHUPING
1030000831,77,09,01,10,KURONG ANAI
1030000832,77,09,01,15,PADANG SIDING
1030000833,11,02,01,03,ANAK BUKIT
1030000834,11,02,01,07,DERGA
1030000836,11,02,01,17,LENGKUAS
1030000837,11,02,01,18,LEPAI
1030000838,11,02,01,20,LIMBONG
1030000839,11,02,01,28,TAJAR
1030000840,12,02,02,05,HUSBA
1030000841,12,02,02,11,MALAU
1030000842,12,02,02,15,PERING
1030000843,12,02,02,40,BANDAR CHANGLUN
1030000844,12,02,02,70,PEKAN AYER HITAM
1030000845,13,02,03,01,BATANG TUNGGANG KANAN
1030000846,13,02,03,07,PADANG TERAP KANAN
1030000847,13,02,03,40,BANDAR KUALA NERANG
1030000848,15,02,05,15,SUNGAI PETANI
1030000849,15,02,05,46,BANDAR SUNGAI PETANI
1030000850,16,02,06,71,PEKAN SIMPANG TIGA SUNGAI LIMAU
1030000851,18,02,08,08,TELOI KANAN
1030000852,18,02,08,74,PEKAN PULAI
1030000853,19,02,09,71,PEKAN KARANGAN
1030000854,19,02,09,76,PEKAN SUNGAI KOB
1030000855,21,02,11,01,AYER PUTEH
1030000856,21,02,11,05,PADANG PELIANG
1030000857,21,02,11,08,TOBIAR
1030000858,21,02,11,40,BANDAR PENDANG
1030000859,21,02,11,72,PEKAN TANAH MERAH
1030000860,22,02,12,01,DERANG
1030000861,22,02,12,02,LESONG
1030000862,22,02,12,03,TUALANG
1030000865,13,02,03,71,PEKAN DURIAN BURUNG
1030000866,18,02,08,42,BANDAR KUPANG
1030000867,19,02,09,77,PEKAN PADANG MEHA
1030000868,11,02,01,48,BANDAR BUKIT PINANG
1030000869,11,02,01,49,BANDAR LANGGAR
1030000870,11,02,01,47,BANDAR ALOR MERAH
1030000871,24,03,02,39,LANGGAR
1030000872,12,02,02,20,TUNJANG
1030000873,11,02,01,01,ALOR MALAI
1030000874,11,02,01,24,PENGKALAN KUNDOR
1030000875,11,02,01,27,SUNGAI BAHARU
1030000876,11,02,01,30,TELAGA MAS
1030000877,11,02,01,33,TITI GAJAH
1030000878,11,02,01,40,BANDAR ALOR SETAR
1030000879,11,02,01,41,BANDAR ANAK BUKIT
1030000880,11,02,01,70,PEKAN ALOR JANGGUS
1030000881,12,02,02,01,AH
1030000882,12,02,02,03,BUKIT TINGGI
1030000883,12,02,02,04,GELONG
1030000885,12,02,02,08,JITRA
1030000886,12,02,02,12,NAGA
1030000887,12,02,02,13,PADANG PERAHU
1030000888,12,02,02,14,PELUBANG
1030000889,12,02,02,16,PUTAT
1030000890,12,02,02,19,TEMIN
1030000891,12,02,02,21,WANG TEPUS
1030000892,12,02,02,41,BANDAR JITRA
1030000893,12,02,02,43,BANDAR TUNJANG
1030000894,12,02,02,44,BANDAR DARULAMAN
1030000895,12,02,02,45,BANDAR PADANG SERA
1030000896,12,02,02,81,PEKAN SANGLANG
1030000897,13,02,03,03,BELIMBING KANAN
1030000898,13,02,03,06,PADANG TEMAK
1030000899,13,02,03,08,PADANG TERAP KIRI
1030000900,13,02,03,09,PEDU
1030000901,13,02,03,10,TEKAI
1030000902,13,02,03,11,TOLAK
1030000903,13,02,03,70,PEKAN NAKA
1030000904,14,02,04,02,BOHOR
1030000905,15,02,05,01,BUJANG
1030000906,15,02,05,03,GURUN
1030000907,15,02,05,11,SEMELING
1030000908,15,02,05,13,SIMPOR
1030000909,15,02,05,14,SUNGAI PASIR
1030000910,15,02,05,16,TELOI KIRI
1030000911,15,02,05,40,BANDAR BEDONG
1030000912,15,02,05,41,BANDAR GURUN
1030000913,15,02,05,48,BANDAR TIKAM BATU
1030000914,15,02,05,70,PEKAN BUKIT SELAMBAU
1030000915,15,02,05,71,PEKAN JENIANG
1030000916,16,02,06,40,BANDAR GUAR CEMPEDAK
1030000917,17,02,07,01,JENERI
1030000918,17,02,07,40,BANDAR SIK
1030000919,18,02,08,40,BANDAR BALING
1030000920,18,02,08,41,BANDAR KUALA KETIL
1030000921,18,02,08,72,PEKAN KAMPUNG BARU KEJAI
1030000922,18,02,08,76,PEKAN KUALA PEGANG
1030000923,19,02,09,03,KARANGAN
1030000924,19,02,09,05,KULIM
1030000925,19,02,09,09,PADANG CHINA
1030000926,19,02,09,10,PADANG MEHA
1030000927,19,02,09,11,SEDIM
1030000928,19,02,09,13,SUNGAI SELUANG
1030000929,19,02,09,14,SUNGAI ULAR
1030000930,19,02,09,15,TERAP
1030000931,19,02,09,72,PEKAN LABU BESAR
1030000932,19,02,09,74,PEKAN MERBAU PULAS
1030000933,19,02,09,75,PEKAN SUNGAI KARANGAN
1030000934,20,02,10,41,BANDAR SERDANG
1030000935,20,02,10,70,PEKAN LUBUK BUNTAR
1030000936,21,02,11,02,BUKIT RAYA
1030000937,21,02,11,03,GUAR KEPAYANG
1030000938,21,02,11,04,PADANG KERBAU
1030000939,21,02,11,06,PADANG PUSING
1030000941,21,02,11,70,PEKAN BUKIT JENUN
1030000942,21,02,11,71,PEKAN KUBUR PANJANG
1030000943,21,02,11,73,PEKAN TOKAI
1030000944,22,02,12,06,BUKIT LADA
1030000945,22,02,12,40,BANDAR POKOK SENA
1030000946,60,07,02,41,BANDAR KEPALA BATAS
1030000947,12,02,02,90,PEKAN SINTOK
1030000948,12,02,02,91,PEKAN NAPOH
1030000949,12,02,02,92,PEKAN SUNGAI KOROK
1030000950,68,08,05,74,PEKAN LUBOK MERBAU
1030000951,13,02,03,73,PEKAN BUKIT TEMBAGA
1030000952,13,02,03,74,PEKAN PADANG SANAI
1030000953,13,02,03,75,PEKAN KAMPUNG TANJUNG
1030000954,15,02,05,49,BANDAR MERBOK
1030000955,15,02,05,50,BANDAR SEMELING
1030000956,15,02,05,51,BANDAR BANDAR AMAN JAYA
1030000957,17,02,07,73,PEKAN GULAU
1030000958,17,02,07,74,PEKAN GAJAH PUTEH
1030000959,17,02,07,75,PEKAN CHAROK PADANG
1030000960,18,02,08,78,PEKAN PARIT PANJANG
1030000961,18,02,08,79,PEKAN KAMPUNG LALANG
1030000962,18,02,08,80,PEKAN MALAU
1030000963,21,02,11,74,PEKAN KOBAH
1030000964,21,02,11,75,PEKAN KAMPUNG BARU
1030000965,21,02,11,76,PEKAN SUNGAI TIANG
1030000966,22,02,12,70,PEKAN KEBUN 500
1030000967,16,02,06,74,PEKAN TEROI
1030000968,11,02,01,50,BANDAR SIMPANG EMPAT
1030000969,11,02,01,75,PEKAN GUNONG
1030000970,17,02,07,02,SIK
1030000971,18,02,08,07,TAWAR
1030000972,18,02,08,75,PEKAN TAWAR
1030000973,12,02,02,10,KUBANG PASU
1030000974,13,02,03,05,KURONG HITAM
1030000975,17,02,07,70,PEKAN BATU LIMA SIK
1030000976,19,02,09,01,BAGAN SENA
1030000977,12,02,02,02,BINJAL
1030000978,11,02,01,22,PADANG HANG
1030000979,11,02,01,72,PEKAN KOTA SARANG SEMUT
1030000980,13,02,03,04,BELIMBING KIRI
1030000981,15,02,05,45,BANDAR SUNGAI LALANG
1030000982,17,02,07,03,SOK
1030000983,13,02,03,02,BATANG TUNGGANG KIRI
1030000984,12,02,02,47,BANDAR BUKIT KAYU HITAM
1030000985,12,02,02,18,SUNGAI LAKA
1030000986,12,02,02,42,BANDAR KODIANG
1030000987,12,02,02,09,KEPELU
1030000988,15,02,05,08,PEKULA
1030000989,15,02,05,12,SIDAM KIRI
1030000990,15,02,05,04,HAJI KUDONG
1030000991,15,02,05,09,PINANG TUNGGAL
1030000994,19,02,09,08,NAGA LILIT
1030000995,19,02,09,12,SIDAM KANAN
1030000996,19,02,09,41,BANDAR LUNAS
1030000997,19,02,09,42,BANDAR PADANG SERAI
1030000998,20,02,10,04,RELAU
1030000999,19,02,09,40,BANDAR KULIM
1030001000,19,02,09,70,PEKAN JUNJONG
1030001001,20,02,10,72,PEKAN SUNGAI KECIL ILIR
1030001002,19,02,09,02,JUNJONG
1030001003,20,02,10,73,PEKAN RELAU
1030001004,20,02,10,03,PERMATANG PASIR
1030001005,20,02,10,07,SUNGAI KECIL
1030001006,20,02,10,40,BANDAR BANDAR BAHARU
1030001008,20,02,10,01,BAGAN SAMAK
1030001009,20,02,10,02,KUALA SELAMA
1030001010,20,02,10,71,PEKAN SELAMA
1030001011,18,02,08,01,BAKAI
1030001012,19,02,09,73,PEKAN MAHANG
1030001013,20,02,10,06,SUNGAI BATU
1030001014,19,02,09,07,MAHANG
1030001015,30,03,08,07,PULAI
1030001016,18,02,08,04,KUPANG
1030001017,18,02,08,02,BALING
1030001018,18,02,08,03,BONGOR
1030001019,18,02,08,06,SIONG
1030001020,71,08,08,02,BELUM
1030001021,71,08,08,10,TEMENGOR
1030001022,23,03,01,01,ALOR BAKAT
1030001023,23,03,01,02,BACHOK
1030001024,23,03,01,03,BATOR
1030001025,23,03,01,04,CHAP
1030001026,23,03,01,05,CHERANG HANGUS
1030001027,23,03,01,07,GUNONG
1030001028,23,03,01,10,KUBANG TELAGA
1030001029,23,03,01,11,KUCHELONG
1030001030,23,03,01,16,PAK PURA
1030001031,23,03,01,26,TANJONG JERING
1030001032,23,03,01,30,TEMU RANGGAS
1030001033,24,03,02,03,BADAK
1030001034,24,03,02,07,BAUNG
1030001035,24,03,02,12,BETING
1030001036,24,03,02,15,BULOH POH
1030001037,24,03,02,21,CHICHA
1030001038,24,03,02,27,KADOK
1030001039,24,03,02,32,KEMUBU
1030001041,24,03,02,40,LEMBU
1030001042,24,03,02,47,MENTUAN
1030001043,24,03,02,50,PADANG ENGGANG
1030001044,24,03,02,55,PADANG TENGAH
1030001045,24,03,02,58,PARIT
1030001046,24,03,02,66,PERINGAT
1030001047,24,03,02,70,PULAU BELANGA
1030001048,24,03,02,76,SALOR
1030001049,24,03,02,79,SETERPA
1030001050,24,03,02,83,TELOK
1030001051,24,03,02,87,TOK KU
1030001052,25,03,03,03,DEWAN
1030001053,25,03,03,08,KERAWANG
1030001054,25,03,03,13,MACHANG
1030001055,25,03,03,18,RAJA
1030001056,26,03,04,01,ALOR BULOH
1030001057,26,03,04,03,APA-APA
1030001058,26,03,04,11,GELAM
1030001059,26,03,04,20,KEDONDONG
1030001060,87,11,01,12,KUBANG BEMBAN
1030001061,26,03,04,30,KUBANG SEPAT
1030001062,26,03,04,35,LUBOK KAWAH
1030001063,26,03,04,36,LUBOK TAPAH
1030001064,26,03,04,39,PADANG EMBON
1030001065,26,03,04,44,TELIAR
1030001066,26,03,04,45,TENDONG
1030001067,26,03,04,46,TOK SANGKOT
1030001068,26,03,04,47,TOK UBAN
1030001069,26,03,04,48,KUALA KELAR
1030001070,26,03,04,50,BANDAR PASIR MAS
1030001071,27,03,05,01,BANGGOL SETOL
1030001072,27,03,05,02,BATU SEBUTIR
1030001073,27,03,05,06,BUKIT MERBAU
1030001074,27,03,05,10,GONG DATOK BARAT
1030001075,27,03,05,14,GONG GARU
1030001076,27,03,05,26,PASIR PUTEH
1030001077,27,03,05,28,PERMATANG SUNGKAI
1030001078,28,03,06,01,BATANG MERBAU
1030001079,28,03,06,04,BUKIT DURIAN
1030001080,28,03,06,12,MAKA
1030001081,28,03,06,17,TANAH MERAH
1030001082,29,03,07,02,BUNOHAN
1030001083,29,03,07,12,KUTANG
1030001084,29,03,07,16,PALEKBANG
1030001085,29,03,07,20,SELEHONG UTARA
1030001086,29,03,07,24,TALAK
1030001087,32,03,11,01,BELIMBING
1030001088,32,03,11,07,LUBOK BONGOR
1030001089,32,03,11,04,JELI TEPI SUNGAI
1030001090,24,03,02,02,BADAK MATI
1030001091,26,03,04,06,BECHAH MENERONG
1030001092,29,03,07,11,KOK KELI
1030001093,23,03,01,08,KUAU
1030001094,23,03,01,12,LUBOK TEMBESU
1030001095,23,03,01,13,MAK LIPAH
1030001096,23,03,01,17,PAUH SEMBILAN
1030001097,23,03,01,18,PAYA MENGKUANG
1030001098,23,03,01,21,RUSA
1030001099,20,02,10,05,SERDANG
1030001100,23,03,01,24,TAKANG
1030001101,23,03,01,25,TANJONG
1030001102,23,03,01,27,TANJONG PAUH
1030001103,23,03,01,28,TELOK MESIRA
1030001104,23,03,01,31,TEPUS
1030001105,23,03,01,32,TUALANG SALAK
1030001106,23,03,01,70,PEKAN JELAWAT
1030001107,24,03,02,01,AUR DURI
1030001108,24,03,02,05,BANGGU
1030001109,24,03,02,06,BANGGOL
1030001110,24,03,02,08,BAYANG
1030001111,24,03,02,09,BECHAH MULONG
1030001112,24,03,02,10,BETA HULU
1030001113,24,03,02,11,BETA HILIR
1030001114,24,03,02,13,BIAH
1030001115,89,11,03,03,BINJAI
1030001116,24,03,02,16,BUNUT PAYONG
1030001117,24,03,02,17,BUT
1030001118,24,03,02,19,CHEKOK
1030001119,24,03,02,22,DAL
1030001120,24,03,02,24,DUSON RENDAH
1030001121,24,03,02,25,GUNTONG
1030001122,24,03,02,26,JELUTONG
1030001123,24,03,02,28,KARANG
1030001124,24,03,02,29,KAMPONG SIREH
1030001125,24,03,02,30,KEDAI BULOH
1030001126,24,03,02,35,KETEREH BARAT
1030001127,24,03,02,36,KETEREH TIMOR
1030001128,24,03,02,37,KOH
1030001129,15,02,05,05,KOTA
1030001130,24,03,02,41,LUBOK JAMBU
1030001131,24,03,02,42,LUBOK PUKOL
1030001132,24,03,02,43,LUNDANG
1030001133,24,03,02,44,LUNDANG PAKU
1030001134,24,03,02,45,MAHANG BARAT
1030001135,24,03,02,46,MAHANG TIMOR
1030001136,24,03,02,49,PADANG BONGOR
1030001137,24,03,02,51,PADANG GARONG
1030001138,24,03,02,52,PADANG LEBAN
1030001139,24,03,02,53,PADANG RAJA
1030001140,24,03,02,54,PADANG SAKAR
1030001141,24,03,02,56,PANCHOR
1030001142,24,03,02,57,PANGKAL PISANG
1030001143,24,03,02,59,PASIR HA
1030001144,24,03,02,60,PASIR MAS
1030001145,24,03,02,61,PATEK
1030001146,24,03,02,62,PAUH
1030001147,24,03,02,64,PENDEK
1030001148,24,03,02,65,PENGKALAN CHEPA
1030001149,24,03,02,67,PEROL
1030001150,24,03,02,68,PINTU GANG
1030001151,24,03,02,69,PULAU
1030001152,24,03,02,73,PULAU PANJANG
1030001153,24,03,02,74,PULAU PISANG
1030001154,24,03,02,78,SERING
1030001155,24,03,02,80,TANJONG CHAT
1030001156,24,03,02,81,TAPANG
1030001157,24,03,02,86,TIONG
1030001158,24,03,02,88,WAKAF STAN
1030001159,24,03,02,89,WAKAF SIKU
1030001160,24,03,02,90,BANDAR KOTA BHARU
1030001161,24,03,02,95,PEKAN MULONG
1030001163,25,03,03,02,BAKAR
1030001164,25,03,03,04,GADING GALOH
1030001165,25,03,03,05,JAKAR
1030001166,25,03,03,06,JOH
1030001167,25,03,03,07,KELAWEH
1030001168,25,03,03,09,KERILLA
1030001169,25,03,03,12,LIMAU HANTU
1030001170,25,03,03,14,PADANG KEMUNCHUT
1030001171,25,03,03,15,PEK
1030001172,25,03,03,16,PEMANOK
1030001173,25,03,03,19,TEMANGAN
1030001174,25,03,03,21,TOK BOK
1030001175,25,03,03,40,BANDAR MACHANG
1030001176,25,03,03,71,PEKAN TEMANGAN
1030001177,26,03,04,04,APAM
1030001178,26,03,04,07,BECHAH PALAS
1030001179,26,03,04,08,BECHAH SEMAK
1030001180,26,03,04,10,CHETOK
1030001182,26,03,04,13,GUAL NERING
1030001183,26,03,04,15,JABO
1030001185,26,03,04,19,KASA
1030001186,26,03,04,21,KENAK
1030001187,26,03,04,22,KERASAK
1030001188,26,03,04,24,KUALA LEMAL
1030001189,26,03,04,25,KUBANG BATANG
1030001190,26,03,04,27,KUBANG GATAL
1030001191,26,03,04,28,KUBANG GENDANG
1030001192,26,03,04,29,KUBANG KETAM
1030001193,26,03,04,31,KUBANG TERAP
1030001194,26,03,04,32,LALANG
1030001195,26,03,04,33,LUBOK ANCHING
1030001196,26,03,04,40,PALOH
1030001197,26,03,04,42,SAKAR
1030001198,26,03,04,43,TASIK BERANGAN
1030001199,27,03,05,04,BUKIT ABAL BARAT
1030001200,27,03,05,05,BUKIT ABAL TIMOR
1030001201,27,03,05,07,BUKIT TANAH
1030001202,27,03,05,09,CHANGGAI
1030001203,27,03,05,11,GONG DATOK TIMOR
1030001204,27,03,05,12,GONG CHAPA
1030001205,27,03,05,13,GONG CHENGAL
1030001206,27,03,05,15,GONG KULIM
1030001207,27,03,05,19,JERUS
1030001208,27,03,05,21,KAMPONG WAKAF
1030001209,27,03,05,22,KOLAM TEMBESU
1030001210,27,03,05,23,MERBOL
1030001211,27,03,05,24,MERKANG
1030001212,27,03,05,25,PADANG PAK AMAT
1030001213,27,03,05,27,PENGKALAN
1030001214,27,03,05,29,SELIGI
1030001215,27,03,05,30,SELISING
1030001216,93,11,07,07,TASIK
1030001217,27,03,05,40,BANDAR PASIR PUTEH
1030001218,27,03,05,70,PEKAN SELISING
1030001219,28,03,06,05,ULU KUSIAL
1030001220,28,03,06,09,KUALA PAKU
1030001221,28,03,06,15,RAMBAI
1030001222,24,03,02,82,TEBING TINGGI
1030001223,28,03,06,40,BANDAR TANAH MERAH
1030001224,29,03,07,01,BECHAH RESAK
1030001225,29,03,07,03,BUNUT SARANG BURONG
1030001226,29,03,07,04,CHENDERONG BATU
1030001227,29,03,07,05,CHERANG MELINTANG
1030001228,29,03,07,07,JAL
1030001229,29,03,07,08,KAMPONG LAUT
1030001230,29,03,07,09,KELABORAN
1030001231,29,03,07,13,MAK NERALANG
1030001232,29,03,07,14,MORAK
1030001233,29,03,07,15,PASIR PEKAN
1030001236,29,03,07,19,SELEHONG SELATAN
1030001237,29,03,07,22,SUNGAI PINANG
1030001238,29,03,07,29,WAKAF DELIMA
1030001239,31,03,10,05,KANDEK
1030001240,31,03,10,07,KUALA GERIS
1030001241,31,03,10,08,KUALA KRAI
1030001242,31,03,10,11,KUALA PERGAU
1030001243,31,03,10,14,MAMBONG
1030001244,31,03,10,40,BANDAR KUALA KRAI
1030001245,32,03,11,02,BUNGA TANJONG
1030001246,32,03,11,06,KUALA BALAH
1030001247,25,03,03,17,PULAI CHONDONG
1030001248,31,03,10,01,BATU MENGKEBANG
1030001249,31,03,10,09,KUALA NAL
1030001250,25,03,03,11,LABOK
1030001251,29,03,07,28,WAKAF BHARU
1030001252,23,03,01,06,GAJAH MATI
1030001253,24,03,02,18,CHEKLI
1030001254,24,03,02,33,KEMUMIN
1030001255,24,03,02,48,MELOR
1030001256,77,09,01,16,PAYA
1030001257,26,03,04,23,KIAT
1030001258,27,03,05,03,BERANGAN
1030001259,27,03,05,18,JERAM
1030001260,27,03,05,33,TELIPOK
1030001261,31,03,10,15,MANEK URAI
1030001262,27,03,05,20,KANDIS
1030001263,31,03,10,10,KUALA PAHI
1030001264,31,03,10,03,ENGGONG
1030001265,25,03,03,22,ULU SAT
1030001266,31,03,10,06,KENOR
1030001267,27,03,05,16,GONG NANGKA
1030001268,23,03,01,14,MELAWI
1030001269,30,03,08,04,KETIL
1030001270,26,03,04,38,MERANTI
1030001271,26,03,04,02,ALOR PASIR
1030001272,26,03,04,18,KALA
1030001273,26,03,04,14,GUAL PERIOK
1030001274,26,03,04,05,BAKONG
1030001275,15,02,05,10,RANTAU PANJANG
1030001276,28,03,06,06,JEDOK
1030001277,32,03,11,05,KALAI
1030001278,26,03,04,37,LUBOK SETOL
1030001279,26,03,04,34,LUBOK GONG
1030001280,28,03,06,13,NIBONG
1030001281,26,03,04,60,BANDAR KECHIL RANTAU PANJANG
1030001282,28,03,06,11,LAWANG
1030001283,32,03,11,40,BANDAR JELI
1030001284,28,03,06,16,SOKOR
1030001285,25,03,03,10,KUALA KERAK
1030001286,25,03,03,20,TENGAH
1030001287,84,10,08,46,BANDAR SRI DAMANSARA
1030001288,168,14,01,66,BANDAR BAHARU SUNGAI BESI
1030001290,168,14,01,71,PEKAN BATU CAVES
1030001291,168,14,01,72,PEKAN KEPONG
1030001292,168,14,01,73,PEKAN KUALA PAUH
1030001293,37,05,01,75,PEKAN PETALING
1030001294,168,14,01,75,PEKAN SALAK SOUTH
1030001295,168,14,01,76,PEKAN SG. PENCHALA
1030001296,77,09,01,07,KAYANG
1030001297,77,09,01,09,KUALA PERLIS
1030001299,12,02,02,07,JERLUN
1030001300,12,02,02,76,PEKAN KUALA SANGLANG
1030001301,12,02,02,17,SANGLANG
1030001302,11,02,01,23,PADANG LALANG
1030001303,11,02,01,43,BANDAR KUALA KEDAH
1030001304,11,02,01,15,KUBANG ROTAN
1030001305,11,02,01,12,KANGKONG
1030001306,16,02,06,02,SALA BESAR
1030001307,16,02,06,41,BANDAR YAN
1030001308,11,02,01,26,SALA KECHIK
1030001309,16,02,06,01,DULANG
1030001310,11,02,01,29,TEBENGAU
1030001311,16,02,06,04,SUNGAI DAUN
1030001312,16,02,06,05,YAN
1030001313,16,02,06,72,PEKAN SUNGAI LIMAU DALAM
1030001314,15,02,05,07,MERBOK
1030001315,16,02,06,03,SINGKIR
1030001316,16,02,06,75,PEKAN SINGKIR
1030001317,59,07,01,01,MUKIM 1
1030001318,15,02,05,06,KUALA
1030001323,59,07,01,41,BANDAR PRAI
1030001325,60,07,02,40,BANDAR BUTTERWORTH
1030001329,67,08,04,05,KUALA KURAU
1030001330,67,08,04,02,BAGAN TIANG
1030001331,67,08,04,08,TANJONG PIANDANG
1030001332,67,08,04,07,SELINSING
1030001334,69,08,06,10,TERUNG
1030001335,65,08,02,04,PENGKALAN BAHARU
1030001336,65,08,02,05,SITIAWAN
1030001337,76,08,13,05,SUNGAI SUMUN
1030001338,65,08,02,02,LEKIR
1030001339,76,08,13,03,RUNGKUP
1030001340,81,10,05,01,BAGAN NAKHODA OMAR
1030001342,81,10,05,85,PEKAN AIR MANIS
1030001344,80,10,04,09,TANJONG KARANG
1030001345,80,10,04,03,UJONG PERMATANG
1030001346,80,10,04,73,PEKAN JERAM
1030001347,79,10,02,77,PEKAN MORIB
1030001348,79,10,02,43,BANDAR TANJONG SEPAT
1030001349,168,14,01,70,PEKAN BATU
1030001350,39,05,03,73,PEKAN CHUAH
1030001351,39,05,03,70,PEKAN LUKUT
1030001352,39,05,03,04,PORT DICKSON
1030001353,39,05,03,74,PEKAN PORT DICKSON
1030001354,39,05,03,40,BANDAR PORT DICKSON
1030001355,39,05,03,80,PEKAN BAGAN PINANG
1030001356,39,05,03,41,BANDAR TELOK KEMANG
1030001357,39,05,03,75,PEKAN TELOK KEMANG
1030001359,39,05,03,79,PEKAN SUNGAI MENYALA
1030001360,39,05,03,03,PASIR PANJANG
1030001361,36,04,03,23,SUNGEI BARU ILIR
1030001362,36,04,03,10,KUALA SUNGEI BARU
1030001363,36,04,03,25,SUNGEI BARU TENGAH
1030001364,34,04,01,26,TANGGA BATU
1030001365,34,04,01,27,TANJONG KLING
1030001367,34,04,01,01,ALAI
1030001368,34,04,01,41,BANDAR MELAKA
1030001369,34,04,01,20,PADANG TEMU
1030001370,34,04,01,29,TELOK MAS
1030001371,34,04,01,23,PERNU
1030001372,35,04,02,17,SERKAM
1030001373,35,04,02,20,UMBAI
1030001374,35,04,02,15,SEMPANG
1030001375,35,04,02,19,TEDONG
1030001376,35,04,02,10,MERLIMAU
1030001377,10,01,22,06,KESANG
1030001378,35,04,02,13,SEBATU
1030001379,73,08,10,01,BANDAR
1030001380,6,01,06,40,BANDAR BANDAR MAHARANI
1030001381,6,01,06,11,PARIT BAKAR
1030001382,6,01,06,12,PARIT JAWA
1030001383,38,05,02,10,SRI MENANTI
1030001384,1,01,01,05,LUBOK
1030001385,6,01,06,15,SUNGAI BALANG
1030001386,25,03,03,01,BAGAN
1030001387,1,01,01,06,MINYAK BEKU
1030001388,1,01,01,03,KAMPUNG BAHRU
1030001389,1,01,01,13,SUNGAI PUNGGOR
1030001390,1,01,01,12,SUNGAI KLUANG
1030001391,7,01,07,04,BENUT
1030001392,7,01,07,01,AYER BALOI
1030001395,7,01,07,41,BANDAR PONTIAN KECHIL
1030001396,7,01,07,08,RIMBA TERJUN
1030001397,7,01,07,02,AIR MASIN
1030001398,7,01,07,09,SERKAT
1030001399,2,01,02,07,TANJUNG KUPANG
1030001400,2,01,02,02,PLENTONG
1030001401,2,01,02,06,SUNGAI TIRAM
1030001402,2,01,02,40,BANDAR JOHOR BAHRU
1030001403,4,01,04,07,PENGERANG
1030001404,4,01,04,10,TANJUNG SURAT
1030001405,4,01,04,06,PANTAI TIMUR
1030001406,4,01,04,09,SEDILI KECHIL
1030001407,4,01,04,08,SEDILI BESAR
1030001408,4,01,04,04,KAMBAU
1030001409,52,06,09,03,PONTIAN
1030001410,52,06,09,01,ENDAU
1030001411,52,06,09,42,BANDAR ROMPIN II
1030001412,49,06,06,01,BEBAR
1030001413,52,06,09,43,BANDAR ROMPIN III
1030001414,52,06,09,04,ROMPIN
1030001415,49,06,06,71,PEKAN NENASI
1030001416,49,06,06,07,PEKAN
1030001417,49,06,06,03,KUALA PAHANG
1030001419,47,06,04,41,BANDAR KUANTAN
1030001420,47,06,04,04,KUALA KUANTAN
1030001421,47,06,04,70,PEKAN BESERAH
1030001422,47,06,04,01,BESERAH
1030001423,89,11,03,04,CUKAI
1030001424,89,11,03,09,KIJAL
1030001425,89,11,03,12,TELUK KALUNG
1030001426,89,11,03,73,PEKAN KIJAL
1030001427,88,11,02,07,KUALA PAKA
1030001428,89,11,03,07,KEMASIK
1030001429,89,11,03,08,KERTIH
1030001430,88,11,02,11,SURA
1030001431,88,11,02,70,PEKAN KUALA PAKA
1030001432,89,11,03,72,PEKAN KEMASIK
1030001433,92,11,06,02,MERCANG
1030001434,88,11,02,01,KUALA ABANG
1030001435,92,11,06,70,PEKAN MARANG
1030001436,90,11,04,09,CENERING
1030001437,41,05,05,04,PANTAI
1030001438,87,11,01,09,KELUANG
1030001439,87,11,01,20,TEMBILA
1030001440,27,03,05,31,SEMERAK
1030001441,23,03,01,20,REPEK
1030001442,23,03,01,29,TELONG
1030001443,23,03,01,15,NIPAH
1030001444,23,03,01,19,PERUPOK
1030001445,23,03,01,40,BANDAR BACHOK
1030001446,23,03,01,09,KEMASIN
1030001447,23,03,01,22,SENAK
1030001448,24,03,02,71,PULAU GAJAH
1030001449,24,03,02,77,SEMUT API
1030001450,24,03,02,75,SABAK
1030001451,24,03,02,85,TELOK KITANG
1030001453,24,03,02,04,BADANG
1030001454,24,03,02,20,CHE LATIFF
1030001455,24,03,02,72,PULAU KUNDOR
1030001456,29,03,07,25,TELOK RENJUNA
1030001457,29,03,07,27,TUMPAT
1030001458,29,03,07,26,TUJOH
1030001459,29,03,07,06,GETING
1030001460,87,11,01,18,PULAU PERHENTIAN
1030001461,65,08,02,77,PEKAN PANGKOR
1030001462,65,08,02,79,PEKAN PASIR BOGAK
1030001463,65,08,02,84,PEKAN SUNGAI PINANG KECHIL
1030001464,65,08,02,03,LUMUT
1030001466,62,07,04,45,BANDAR JELUTONG
1030001469,14,02,04,72,PEKAN TELOK DATAI
1030001470,14,02,04,42,BANDAR PADANG LALANG
1030001471,14,02,04,06,ULU MELAKA
1030001472,14,02,04,40,BANDAR KUAH
1030001473,14,02,04,05,PADANG MAT SIRAT
1030001474,14,02,04,41,BANDAR PADANG MAT SIRAT
1030001475,5,01,05,07,PULAU BABI
1030001476,5,01,05,03,MERSING
1030001477,5,01,05,41,BANDAR MERSING
1030001478,5,01,05,12,TENGGAROH
1030001479,5,01,05,10,PULAU TINGGI
1030001480,5,01,05,09,PULAU SIBU
1030001481,47,06,04,05,PENOR
1030001482,29,03,07,23,TABAR
1030001483,62,07,04,46,BANDAR TANJONG BUNGAH
1030001484,62,07,04,41,BANDAR BATU FERINGGI
1030001486,63,07,05,13,MUKIM A
1030001487,63,07,05,15,MUKIM C
1030001488,63,07,05,16,MUKIM D
1030001489,63,07,05,20,MUKIM H
1030001490,63,07,05,21,MUKIM I
1030001496,151,13,29,19,ASAJAYA
1030001497,124,13,02,09,BAU
1030001498,157,13,35,22,TANJUNG MANIS
1030001500,131,13,09,51,BETONG
1030001501,132,13,10,48,BUDU
1030001502,131,13,09,49,DEBAK
1030001503,130,13,08,52,ENGKILILI
1030001504,136,13,14,12,JULAU
1030001505,156,13,34,45,KABONG
1030001506,140,13,18,15,KANOWIT
1030001507,143,13,21,40,KAPIT
1030001508,149,13,27,63,LAWAS
1030001509,148,13,26,65,LIMBANG
1030001510,164,13,42,06,LINGGA
1030001511,147,13,25,31,MULU
1030001512,130,13,08,53,LUBOK ANTU
1030001513,125,13,03,58,LUNDU
1030001514,155,13,33,54,MALUDAM
1030001515,147,13,25,32,MARUDI
1030001516,150,13,28,43,MATU
1030001517,146,13,24,62,MIRI
1030001518,148,13,26,64,NANGA MEDAMIT
1030001519,143,13,21,39,NANGA MERIT
1030001521,138,13,16,42,OYA
1030001522,165,13,43,07,SIBURAN
1030001523,152,13,30,11,PAKAN
1030001524,163,13,41,05,PANTU
1030001525,155,13,33,55,PUSA
1030001526,156,13,34,46,ROBAN
1030001527,126,13,04,03,SAMARAHAN
1030001528,132,13,10,47,SARATOK
1030001529,158,13,36,16,SEBAUH
1030001530,125,13,03,57,SEMATAN
1030001531,127,13,05,56,SERIAN
1030001533,128,13,06,01,SIMUNJAN
1030001534,144,13,22,18,SONG
1030001535,131,13,09,50,SPAOH
1030001536,149,13,27,26,SUNDAR
1030001537,142,13,20,24,TATAU
1030001538,154,13,32,08,TEBEDU
1030001539,149,13,27,27,TRUSAN
1030001540,141,13,19,67,BINTULU
1030001541,137,13,15,14,SIBU
1030001542,153,13,31,13,SELANGAU
1030001543,138,13,16,41,DALAT
1030001544,139,13,17,37,MUKAH
1030001545,139,13,17,38,BALINGIAN
1030001546,123,13,01,59,KUCHING
1030001547,5,01,05,08,PULAU PEMANGGIL
1030001548,5,01,05,06,PULAU AUR
1030001549,69,08,06,04,JEBONG
1030001550,36,04,03,09,KUALA LINGGI
1030001551,62,07,04,44,BANDAR GEORGE TOWN
1030001552,4,01,04,01,ULU SUNGAI JOHOR
1030001553,35,04,02,02,BATANG MALAKA
1030001554,48,06,05,40,BANDAR KUALA LIPIS
1030001555,48,06,05,08,PENJOM
1030001557,48,06,05,06,KECHAU
1030001558,80,10,04,81,PEKAN KAMPONG BARU HULU TIRAM BURUK
1030001559,82,10,06,85,PEKAN KAMPONG PASIR BATU 14 SEMENYIH
1030001560,73,08,10,03,BOTA
1030001561,76,08,13,74,PEKAN KAMPONG SUNGAI HAJI MOHAMED
1030001562,71,08,08,04,GERIK
1030001563,77,09,01,06,JEJAWI
1030001564,64,08,01,03,CHENDERIANG
1030001565,51,06,08,02,JENDERAK
1030001566,46,06,03,01,BURAU
1030001567,50,06,07,01,BATU TALAM
1030001568,48,06,05,10,TELANG
1030001569,48,06,05,04,GUA
1030001570,31,03,10,17,TELEKONG
1030001571,129,13,07,04,SRI AMAN
1030001574,133,13,11,21,SARIKEI
1030001575,135,13,13,23,DARO
1030001576,150,13,28,44,IGAN
1030001577,134,13,12,10,MERADONG
1030001578,166,13,44,20,SEBUYAU
1030001579,8,01,08,09,POGOH
1030001581,12,02,02,89,PEKAN KERPAN
1030001582,15,02,05,76,PEKAN TANJUNG DAWAI
1030001583,15,02,05,73,PEKAN KOTA KUALA MUDA
1030001584,24,03,02,34,KENALI
1030001585,24,03,02,91,BANDAR BARU KUBANG KERIAN
1030001586,24,03,02,84,TELOK BHARU
1030001587,24,03,02,23,DEMIT
1030001588,29,03,07,40,BANDAR TUMPAT
1030001589,26,03,04,09,BUKIT TUKU
1030001590,24,03,02,31,KIJANG
1030001592,28,03,06,14,PASIR GANDA
1030001593,28,03,06,03,BENDANG NYIOR
1030001594,34,04,01,74,PEKAN KLEBANG
1030001595,34,04,01,17,KLEBANG KECHIL
1030001596,34,04,01,25,SUNGEI UDANG
1030001597,35,04,02,76,PEKAN SELANDAR
1030001598,35,04,02,14,SELANDAR
1030001599,36,04,03,70,PEKAN DURIAN TUNGGAL
1030001600,36,04,03,05,DURIAN TUNGGAL
1030001601,41,05,05,02,LABU
1030001602,41,05,05,42,BANDAR SEREMBAN UTAMA
1030001603,41,05,05,82,PEKAN RAHANG BARU
1030001604,52,06,09,49,BANDAR TIOMAN
1030001605,52,06,09,40,BANDAR BAHARU ROMPIN
1030001606,52,06,09,41,BANDAR ROMPIN I
1030001607,62,07,04,47,BANDAR TANJONG TOKONG
1030001608,62,07,04,48,BANDAR TANJONG PINANG
1030001609,84,10,08,87,PEKAN BARU SUNGAI BULOH
1030001610,78,10,01,73,PEKAN TELOK MENEGUN
1030001611,78,10,01,70,PEKAN BUKIT KEMUNING
1030001612,84,10,08,80,PEKAN HICOM
1030001613,78,10,01,43,BANDAR SHAH ALAM
1030001614,84,10,08,45,BANDAR SAUJANA
1030001615,79,10,02,78,PEKAN PERMATANG PASIR
1030001616,79,10,02,74,PEKAN KANCHONG
1030001617,86,10,10,80,PEKAN TANJUNG MAS
1030001619,39,05,03,76,PEKAN BUKIT PELANDOK
1030001620,39,05,03,01,JIMAH
1030001621,86,10,10,40,BANDAR SEPANG
1030001622,79,10,02,80,PEKAN SIMPANG MORIB
1030001623,79,10,02,76,PEKAN KELANANG BATU ENAM
1030001624,79,10,02,84,PEKAN TELOK DATOK
1030001625,79,10,02,40,BANDAR BANTING
1030001626,79,10,02,81,PEKAN SUNGAI MANGGIS
1030001628,79,10,02,07,TELOK PANGLIMA GARANG
1030001629,78,10,01,40,BANDAR KLANG
1030001630,78,10,01,02,KLANG
1030001631,84,10,08,84,PEKAN BARU HICOM
1030001632,84,10,08,41,BANDAR SHAH ALAM
1030001633,84,10,08,43,BANDAR GLENMARIE
1030001634,84,10,08,78,PEKAN COUNTRY HEIGHT
1030001635,84,10,08,92,PEKAN SUBANG JAYA
1030001636,84,10,08,44,BANDAR PETALING JAYA SELATAN
1030001637,84,10,08,89,PEKAN PUCHONG JAYA
1030001638,84,10,08,02,DAMANSARA
1030001639,84,10,08,72,PEKAN PUCHONG
1030001641,86,10,10,70,PEKAN DENGKIL
1030001642,86,10,10,79,PEKAN SUNGAI MERAB
1030001643,86,10,10,44,BANDAR SUNGAI MERAB
1030001644,86,10,10,42,BANDAR BARU SALAK TINGGI
1030001645,82,10,06,71,PEKAN BERANANG
1030001646,82,10,06,91,PEKAN SUNGAI KEMBONG BERANANG
1030001647,41,05,05,46,BANDAR NILAI UTAMA
1030001648,86,10,10,01,DENGKIL
1030001649,82,10,06,86,PEKAN KAMPONG SUNGAI TANGKAS
1030001650,82,10,06,01,BERANANG
1030001651,82,10,06,88,PEKAN SEMENYIH
1030001652,82,10,06,43,BANDAR SEMENYIH
1030001653,82,10,06,73,PEKAN KACHAU
1030001654,82,10,06,49,BANDAR BATU 18 SEMENYIH
1030001655,78,10,01,71,PEKAN KAPAR
1030001656,84,10,08,01,BUKIT RAJA
1030001657,79,10,02,06,TANJONG DUA BELAS
1030001658,80,10,04,77,PEKAN SIMPANG TIGA
1030001659,80,10,04,86,PEKAN TAMBAK JAWA
1030001660,80,10,04,75,PEKAN KUALA SUNGAI BULOH
1030001661,80,10,04,70,PEKAN ASAM JAWA
1030001662,80,10,04,72,PEKAN BUKIT ROTAN
1030001663,80,10,04,07,KUALA SELANGOR
1030001664,80,10,04,40,BANDAR KUALA SELANGOR
1030001665,80,10,04,10,BESTARI JAYA
1030001666,80,10,04,91,PEKAN BESTARI JAYA
1030001667,80,10,04,05,IJOK
1030001668,81,10,05,73,PEKAN SEKINCHAN
1030001669,76,08,13,02,HUTAN MELINTANG
1030001670,75,08,12,01,HULU BERNAM BARAT
1030001671,81,10,05,05,SUNGAI PANJANG
1030001672,75,08,12,02,HULU BERNAM TIMOR
1030001673,83,10,07,04,ULU BERNAM
1030001674,50,06,07,78,PEKAN TRAS
1030001675,44,06,01,01,BENTONG
1030001676,37,05,01,04,KENABOI
1030001677,37,05,01,01,GLAMI LEMI
1030001678,37,05,01,03,ULU TRIANG
1030001680,168,14,01,01,AMPANG
1030001681,82,10,06,44,BANDAR AMPANG
1030001682,168,14,01,44,BANDAR KUALA LUMPUR
1030001683,168,14,01,04,HULU KELANG
1030001684,85,10,09,44,BANDAR ULU KELANG
1030001685,82,10,06,04,ULU LANGAT
1030001687,85,10,09,43,BANDAR GOMBAK SETIA
1030001688,85,10,09,02,ULU KELANG
1030001689,82,10,06,40,BANDAR CHERAS
1030001691,82,10,06,07,SEMENYIH
1030001692,82,10,06,41,BANDAR ULU LANGAT
1030001693,82,10,06,90,PEKAN SRI NANDING
1030001694,82,10,06,84,PEKAN KAJANG
1030001695,82,10,06,06,KAJANG
1030001696,82,10,06,05,ULU SEMENYIH
1030001697,82,10,06,93,PEKAN SUNGAI MAKAU
1030001698,83,10,07,71,PEKAN PERETAK
1030001699,83,10,07,13,SUNGAI TINGGI
1030001700,83,10,07,41,BANDAR ULU YAM BAHARU
1030001701,83,10,07,49,BANDAR SUNGAI CHIK
1030001702,83,10,07,40,BANDAR ULU YAM
1030001703,83,10,07,01,BATANG KALI
1030001704,85,10,09,48,BANDAR SUNGAI BULOH
1030001705,84,10,08,75,PEKAN SUNGAI BULOH
1030001706,85,10,09,77,PEKAN TEMPLER
1030001707,85,10,09,73,PEKAN KUANG
1030001708,85,10,09,41,BANDAR KUANG
1030001709,83,10,07,05,ULU YAM
1030001710,83,10,07,09,PERETAK
1030001711,83,10,07,03,AMPANG PECHAH
1030001712,83,10,07,02,BULOH TELOR
1030001713,83,10,07,10,RASA
1030001714,83,10,07,07,KERLING
1030001715,83,10,07,12,SUNGAI GUMUT
1030001716,83,10,07,06,KALUMPANG
1030001717,83,10,07,42,BANDAR KALUMPANG
1030001718,85,10,09,46,BANDAR KUNDANG
1030001719,85,10,09,42,BANDAR RAWANG
1030001720,85,10,09,03,RAWANG
1030001721,83,10,07,11,SERENDAH
1030001722,84,10,08,85,PEKAN BARU SUBANG
1030001723,83,10,07,48,BANDAR ULU BERNAM II
1030001724,83,10,07,47,BANDAR ULU BERNAM I
1030001725,84,10,08,71,PEKAN MERBAU SEMPAK
1030001726,84,10,08,91,PEKAN SUBANG
1030001727,84,10,08,42,BANDAR DAMANSARA
1030001728,84,10,08,77,PEKAN CEMPAKA
1030001730,84,10,08,04,SUNGAI BULOH
1030001731,84,10,08,81,PEKAN KAYU ARA
1030001732,84,10,08,76,PEKAN SUNGAI PENCHALA
1030001734,168,14,01,05,KUALA LUMPUR
1030001735,84,10,08,40,BANDAR PETALING JAYA
1030001736,84,10,08,82,PEKAN KINRARA
1030001738,84,10,08,74,PEKAN SERDANG
1030001739,84,10,08,86,PEKAN BARU SUNGAI BESI
1030001740,168,14,01,06,PETALING
1030001741,168,14,01,03,CHERAS
1030001742,82,10,06,81,PEKAN CHERAS
1030001743,85,10,09,45,BANDAR KEPONG
1030001744,85,10,09,49,BANDAR SUNGAI PUSU
1030001745,85,10,09,01,BATU
1030001746,168,14,01,07,SETAPAK
1030001747,85,10,09,47,BANDAR SELAYANG
1030001769,169,15,01,29,BANDAR LABUAN
1030001781,88,11,02,06,KUALA DUNGUN
1030001782,88,11,02,40,BANDAR DUNGUN
1030001785,114,12,21,00,TIADA
1030001807,86,10,10,03,SEPANG
1030001809,79,10,02,05,MORIB
1030001810,79,10,02,04,KELANANG
1030001811,79,10,02,03,JUGRA
1030001812,78,10,01,42,BANDAR SULTAN SULAIMAN
1030001813,78,10,01,45,BANDAR KLANG UTAMA
1030001815,80,10,04,01,API-API
1030001817,86,10,10,75,PEKAN BUKIT BISA
1030001818,170,16,01,40,BANDAR PUTRAJAYA
1030001820,47,06,04,06,SUNGAI KARANG
1030001821,90,11,04,22,PULAU PULAU
1030001822,94,11,08,02,KUALA NERUS
1030001823,90,11,04,03,BATU BURUK
1030001824,90,11,04,40,BANDAR KUALA TERENGGANU
1030001825,14,02,04,03,KEDAWANG
1030001826,14,02,04,04,KUAH
1030001827,14,02,04,01,AYER HANGAT
1030001828,15,02,05,02,BUKIT MERIAM
1030001831,94,11,08,04,PULAU REDANG
1030001832,92,11,06,03,PULAU KERENGGA
1030001833,52,06,09,05,TIOMAN
1030001834,5,01,05,04,PADANG ENDAU
1030001835,5,01,05,14,TRIANG
1030001836,5,01,05,05,PENYABONG
1030001837,5,01,05,13,TENGLU
1030001838,5,01,05,01,JEMALUANG
1030001839,33,03,12,02,KUALA BETIS
1030001840,66,08,03,43,BANDAR IPOH (N)
1030001841,33,03,12,01,BALAR
1030001842,33,03,12,04,HAU
1030001843,33,03,12,07,TUEL
1030001844,33,03,12,03,BLAU
1030001845,33,03,12,05,HENDROP
1030001846,33,03,12,06,SIGAR
1030001847,169,15,01,01,DESA
1030001848,41,05,05,47,BANDAR SRI SENDAYAN
1030001849,3,01,03,05,MACHAP
1030001850,6,01,06,02,BANDAR
1030001851,7,01,07,03,API-API
1030001852,1,01,01,01,BAGAN
1030001853,2,01,02,01,JELUTONG
1030001854,3,01,03,07,PALOH
1030001855,6,01,06,13,SRI MENANTI
1030001856,6,01,06,16,SUNGAI RAYA
1030001857,6,01,06,17,SUNGAI TERAP
1030001858,7,01,07,07,PONTIAN
1030001859,7,01,07,10,SUNGAI KARANG
1030001860,22,02,12,04,GAJAH MATI
1030001861,11,02,01,09,GUNONG
1030001862,13,02,03,72,PEKAN LUBOK MERBAU
1030001863,12,02,02,06,JERAM
1030001864,11,02,01,16,LANGGAR
1030001865,21,02,11,07,RAMBAI
1030001866,12,02,02,46,BANDAR KEPALA BATAS
1030001867,26,03,04,16,JEJAWI
1030001868,23,03,01,23,SERDANG
1030001869,24,03,02,14,BINJAI
1030001870,24,03,02,38,KOTA
1030001871,26,03,04,12,GUA
1030001872,26,03,04,17,KANGKONG
1030001873,24,03,02,63,PAYA
1030001874,27,03,05,32,TASIK
1030001875,29,03,07,18,PULAU BESAR
1030001876,28,03,06,18,TEBING TINGGI
1030001877,26,03,04,26,KUBANG BEMBAN
1030001878,29,03,07,10,KETIL
1030001879,26,03,04,41,RANTAU PANJANG
1030001880,40,05,04,16,TANJONG KLING
1030001881,40,05,04,72,PEKAN LUBOK CHINA
1030001882,42,05,06,71,PEKAN BATANG MELAKA
1030001883,48,06,05,07,KUALA LIPIS
1030001884,46,06,03,08,TEBING TINGGI
1030001885,51,06,08,06,MENTAKAB
1030001886,58,06,15,02,BEBAR
1030001887,49,06,06,04,LANGGAR
1030001888,49,06,06,40,BANDAR PEKAN
1030001889,44,06,01,40,BANDAR BENTONG
1030001890,52,06,09,46,BANDAR ENDAU
1030001891,59,07,01,03,MUKIM 3
1030001892,59,07,01,04,MUKIM 4
1030001893,59,07,01,05,MUKIM 5
1030001894,59,07,01,08,MUKIM 8
1030001895,59,07,01,09,MUKIM 9
1030001896,59,07,01,10,MUKIM 10
1030001897,59,07,01,13,MUKIM 13
1030001898,59,07,01,14,MUKIM 14
1030001899,59,07,01,15,MUKIM 15
1030001900,59,07,01,17,MUKIM 17
1030001901,61,07,03,01,MUKIM 1
1030001902,61,07,03,12,MUKIM 12
1030001903,59,07,01,11,MUKIM 11
1030001904,59,07,01,18,MUKIM 18
1030001905,60,07,02,06,MUKIM 6
1030001906,60,07,02,10,MUKIM 10
1030001907,60,07,02,16,MUKIM 16
1030001908,61,07,03,02,MUKIM 2
1030001909,61,07,03,04,MUKIM 4
1030001910,62,07,04,02,MUKIM 14
1030001911,62,07,04,03,MUKIM 15
1030001912,62,07,04,04,MUKIM 16
1030001913,63,07,05,03,MUKIM 3
1030001914,63,07,05,05,MUKIM 5
1030001915,66,08,03,07,TRONOH
1030001916,67,08,04,72,PEKAN SIMPANG EMPAT
1030001917,76,08,13,77,PEKAN SIMPANG TIGA
1030001918,67,08,04,73,PEKAN SIMPANG LIMA
1030001919,68,08,05,77,PEKAN SALAK
1030001920,80,10,04,06,JERAM
1030001921,79,10,02,70,PEKAN BATU
1030001922,81,10,05,03,PASIR PANJANG
1030001923,79,10,02,02,BATU
1030001924,85,10,09,76,PEKAN SUNGAI BULOH
1030001925,82,10,06,47,BANDAR BARU BANGI
1030001926,81,10,05,80,PEKAN PASIR PANJANG
1030001927,86,10,10,02,LABU
1030001928,79,10,02,01,BANDAR
1030001929,87,11,01,07,JABI
1030001930,168,14,01,74,PEKAN PETALING
1030001931,36,04,03,02,BELIMBING
1030001932,35,04,02,09,KESANG
1030001933,18,02,08,05,PULAI
1030001934,61,07,03,08,MUKIM 8
1030001935,61,07,03,07,MUKIM 7
1030001936,61,07,03,06,MUKIM 6
1030001937,61,07,03,05,MUKIM 5
1030001938,59,07,01,16,MUKIM 16
1030001939,60,07,02,03,MUKIM 3
1030001940,81,10,05,04,SABAK
1030001941,43,05,07,03,ROMPIN
1030001942,42,05,06,02,GEMAS
1030001944,42,05,06,07,TEBONG
1030001945,93,11,07,06,PANTAI
1030001946,77,09,01,17,SANGLANG
1030001947,59,07,01,06,MUKIM 6
1030001948,61,07,03,10,MUKIM 10
1030001949,48,06,05,02,BUDU
1030001950,168,14,01,55,BANDAR PETALING JAYA
1030001951,84,10,08,03,PETALING
1030001952,82,10,06,02,CHERAS
1030001953,82,10,06,03,AMPANG
1030001954,85,10,09,04,SETAPAK
1030001955,168,14,01,02,BATU
1030001956,41,05,05,06,RASAH
1030001957,98,12,04,00,TIADA
1030001958,119,12,26,00,TIADA
1030001959,107,12,13,00,TIADA
1030001960,109,12,15,00,TIADA
1030001961,113,12,19,00,TIADA
1030001962,110,12,16,00,TIADA
1030001963,99,12,05,00,TIADA
1030001964,115,12,22,00,TIADA
1030001965,117,12,24,00,TIADA
1030001966,120,12,27,00,TIADA
1030001967,116,12,23,00,TIADA
1030001968,100,12,06,00,TIADA
1030001969,106,12,12,00,TIADA
1030001970,104,12,10,00,TIADA
1030001971,103,12,09,00,TIADA
1030001972,118,12,25,00,TIADA
1030001973,112,12,18,00,TIADA
1030001974,111,12,17,00,TIADA
1030001975,97,12,03,00,TIADA
1030001976,108,12,14,00,TIADA
1030001977,101,12,07,00,TIADA
1030001978,95,12,01,00,TIADA
1030001979,105,12,11,00,TIADA
1030001980,2,01,02,03,PULAI
1030001981,69,08,06,09,SUNGAI TINGGI
1030001982,61,07,03,11,MUKIM 11
1030001983,61,07,03,13,MUKIM 13
1030001984,59,07,01,12,MUKIM 12
1030001985,60,07,02,09,MUKIM 9
1030001986,60,07,02,07,MUKIM 7
1030001987,60,07,02,04,MUKIM 4
1030001988,60,07,02,01,MUKIM 1
1030001989,63,07,05,12,MUKIM 12
1030001990,62,07,04,01,MUKIM 13
1030001991,63,07,05,11,MUKIM 11
1030001992,63,07,05,09,MUKIM 9
1030001993,63,07,05,08,MUKIM 8
1030001994,63,07,05,07,MUKIM 7
1030001995,63,07,05,01,MUKIM 1
1030001996,63,07,05,02,MUKIM 2
1030001997,60,07,02,14,MUKIM 14
1030001998,59,07,01,02,MUKIM 2
1030001999,96,12,02,00,TIADA
1030002000,42,05,06,75,PEKAN AYER KUNING
1030002001,8,01,08,06,JABI
1030002002,8,01,08,70,PEKAN GEMAS BAHRU
1030002003,29,03,07,17,PERIOK
1030002004,29,03,07,21,SIMPANGAN
1030002005,161,13,39,30,BELURU
1030002006,162,13,40,34,LONG LAMA
1030002007,162,13,40,25,LONG BEDIAN
1030002008,161,13,39,29,TINJAR
1030002009,145,13,23,35,BELAGA
1030002010,162,13,40,33,TELANG USAN
1030002011,145,13,23,36,SUNGAI ASAP
1030002012,123,13,01,60,PADAWAN
1030002013,146,13,24,61,BARIO
1030002014,160,13,38,66,NIAH-SUAI
1030002015,160,13,38,28,SUBIS
1030002016,159,13,37,17,BUKIT MABONG
1030002017,49,06,06,70,PEKAN KUALA PAHANG
1030002018,90,11,04,05,BELARA
1030002019,10,01,22,02,BUKIT SERAMPANG
1030002020,121,12,28,00,TIADA
1030002021,102,12,08,00,TIADA
1030002022,167,13,45,02,GEDONG
1030002023,86,10,10,45,BANDAR CYBERJAYA
1030002024,34,04,01,78,PEKAN TANJONG KLING
1030002025,76,08,13,01,BAGAN DATUK
1030002026,75,08,12,41,BANDAR PROTON
1030002027,75,08,12,42,BANDAR SLIM RIVER
1030002028,81,10,05,02,PANCHANG BEDENA
1030002029,89,11,03,71,PEKAN AIR PUTIH
1030002030,92,11,06,04,RUSILA
1030002031,78,10,01,51,BANDAR KOTA KEMUNING
1030002032,78,10,01,53,BANDAR PUTERA
1030002033,78,10,01,47,BANDAR MERU
1030002034,78,10,01,46,BANDAR SUNGAI KAPAR INDAH
1030002035,78,10,01,01,KAPAR
1030002036,78,10,01,44,BANDAR BUKIT RAJA
1030002037,86,10,10,81,PEKAN TANJUNG MAS 1
1030002038,50,06,07,73,PEKAN RAUB
1030002039,50,06,07,76,PEKAN SUNGAI KELAU
1030002040,50,06,07,75,PEKAN SUNGAI RUAN
1030002041,50,06,07,74,PEKAN SANG LEE
1030002042,50,06,07,07,TRAS
1030002043,50,06,07,79,PEKAN BUKIT FRASER
1030002044,32,03,11,03,JELI
1030002045,55,06,12,40,BANDAR GENTING
1030002046,56,06,13,40,BANDAR GEBENG
1030002047,57,06,14,03,TELANG
1030002048,122,12,29,00,TIADA
